step,enhanced_speed,cadence,max_heart_rate_perct,power
0,25.572,66,0.7162,160
1,25.7256,66,0.719733333,145.6666667
2,25.3956,66,0.7268,127.3333333
3,24.5208,65,0.732,117
4,24.4368,67.66666667,0.7268,109.3333333
5,23.1984,69.33333333,0.725033333,127.6666667
6,21.9828,67.33333333,0.7215,109
7,21.306,64.33333333,0.7268,114
8,21.5544,61.66666667,0.7268,103.3333333
9,20.7384,60.33333333,0.7268,105
10,19.7112,63.33333333,0.719733333,89.33333333
11,20.2044,64,0.712733333,119
12,20.4912,66.66666667,0.711,171.3333333
13,21.198,66.33333333,0.712733333,160.6666667
14,19.128,53,0.714466667,114
15,22.6236,67.66666667,0.707466667,111.3333333
16,23.7348,69.33333333,0.712733333,160.6666667
17,24.3456,70.33333333,0.7215,128
18,24.534,71,0.728533333,131.3333333
19,24.654,71,0.7373,131.6666667
20,24.4128,71,0.7373,125.6666667
21,24.6324,70.33333333,0.7373,138.3333333
22,24.6696,71,0.7373,138
23,24.666,71,0.7373,140.6666667
24,23.9616,71,0.732,130.3333333
25,24.5616,71,0.733766667,153.3333333
26,25.086,73.33333333,0.7373,163.3333333
27,25.926,74.66666667,0.7373,130.3333333
28,26.076,75.33333333,0.7373,133.6666667
29,26.8692,77.66666667,0.7373,169.3333333
30,28.0884,81,0.7426,177
31,28.9488,80.66666667,0.739066667,142.3333333
32,28.6848,80.66666667,0.735533333,98.33333333
33,28.5204,83,0.733766667,154
34,28.0344,82.66666667,0.7268,161
35,27.2604,80,0.7268,139
36,26.778,78,0.7268,159.6666667
37,26.352,77,0.732,159.6666667
38,26.586,77,0.730266667,158.6666667
39,26.976,77.33333333,0.7268,152.6666667
40,27.4584,79.33333333,0.7215,125.3333333
41,27.882,80,0.717966667,131
42,28.722,83,0.7162,133.3333333
43,29.8872,85.66666667,0.7162,182.3333333
44,29.916,87,0.711,149
45,29.664,87,0.712733333,136
46,29.1216,83,0.7285,127.3333333
47,27.8616,81.33333333,0.730266667,99.33333333
48,27.5424,80,0.7215,166.3333333
49,27.276,80,0.723266667,195.6666667
50,27.9036,80,0.728533333,198.3333333
51,28.08,80,0.732,190.6666667
52,27.7308,80,0.7373,180
53,27.636,80,0.7426,182
54,27.7692,80,0.746066667,184
55,27.9768,80,0.751333333,181.6666667
56,27.8736,80,0.7531,166.6666667
57,27.8112,80,0.7584,136
58,27.342,80,0.756633333,144
59,27.1836,80,0.747833333,163.3333333
60,27.4224,80,0.739066667,155
61,27.7584,80,0.740833333,118.3333333
62,28.2792,81.33333333,0.744333333,168.6666667
63,28.2336,83,0.7478,158
64,28.3272,83,0.7478,158.6666667
65,28.2852,83,0.7426,137.6666667
66,28.0896,81,0.7426,122
67,27.9552,80,0.7426,118
68,27.9468,80,0.746066667,147.6666667
69,27.7236,80,0.7478,120.6666667
70,27.1212,79.33333333,0.744333333,110.3333333
71,26.4816,57,0.7426,95.33333333
72,24.7488,3,0.7426,14
73,23.1384,0,0.739066667,0
74,21.6984,0,0.723266667,0
75,19.602,0,0.7022,0
76,17.5548,18,0.681133333,0.333333333
77,15.6456,38.66666667,0.6794,0.333333333
78,12.624,28.66666667,0.677633333,1
79,9.432,28.33333333,0.663566667,0
80,6.7956,22.33333333,0.651266667,1
81,8.0868,22.33333333,0.649533333,48
82,13.6488,62.66666667,0.6618,155
83,18,62,0.6776,214
84,28.6596,83,0.700433333,364.3333333
85,28.356,83,0.7215,133
86,28.4316,83,0.7408,187.6666667
87,28.896,83,0.754866667,213.6666667
88,29.3484,84.33333333,0.770666667,205
89,29.6604,87,0.777666667,206.3333333
90,29.892,87,0.7847,199
91,29.9448,87,0.7847,184.3333333
92,29.8908,87,0.7847,171
93,29.7336,87,0.7847,177.6666667
94,29.2464,83.33333333,0.7847,173.6666667
95,29.4384,84.33333333,0.7847,206.3333333
96,29.7492,87,0.7847,233.6666667
97,29.3604,86.66666667,0.7847,226
98,29.052,83,0.7847,209.6666667
99,29.2416,83,0.79,180.3333333
100,30.066,87,0.79,185
101,31.2588,89.66666667,0.7952,168.3333333
102,31.7412,91,0.7952,148.6666667
103,31.4628,91,0.7952,114
104,31.3032,84.66666667,0.7952,135.6666667
105,31.53,80,0.788233333,185.6666667
106,31.7004,82,0.7847,186
107,31.9272,83,0.7847,174.6666667
108,32.232,83,0.7847,178.6666667
109,32.5356,83,0.7847,178
110,32.6076,83,0.79,178.6666667
111,32.5476,83,0.79,174
112,32.4084,83,0.7847,181.6666667
113,31.9956,83,0.786466667,182.6666667
114,31.0044,81,0.788233333,200
115,30.3024,80,0.7847,194
116,30.1236,80.66666667,0.7847,186
117,29.694,87,0.786466667,211.6666667
118,29.6808,87,0.79,203
119,29.7204,87,0.79,199.6666667
120,29.4684,86,0.788233333,168.3333333
121,30.1116,87,0.782933333,185.3333333
122,30.5088,87,0.7794,174.3333333
123,30.5004,87,0.7794,175.6666667
124,30.2388,87,0.7794,194
125,29.9916,87,0.7742,189.3333333
126,29.8188,87,0.772433333,192.3333333
127,29.904,87,0.765366667,190.6666667
128,30,87,0.767133333,195.6666667
129,30.0048,87,0.7689,182.6666667
130,29.7852,87,0.7689,172
131,29.832,87,0.770666667,187
132,30.0624,87,0.7742,195.6666667
133,30.2004,87,0.7794,170.6666667
134,29.7756,87,0.7794,158.6666667
135,29.532,86.66666667,0.7794,168.3333333
136,29.5728,85.66666667,0.7794,153.3333333
137,28.926,81.33333333,0.7794,155
138,18.6012,56,0.7794,81.66666667
139,6.912,28.66666667,0.774166667,37.66666667
140,5.2884,6,0.718,4.333333333
141,13.5084,38,0.693433333,82
142,19.6656,91.33333333,0.684633333,276
143,22.6656,91,0.681133333,283.3333333
144,25.0536,90.33333333,0.696933333,254.3333333
145,26.4024,89.66666667,0.716233333,223
146,27.336,87.33333333,0.728533333,223.3333333
147,28.3584,90.33333333,0.732,213
148,28.9956,91,0.733766667,190.3333333
149,28.782,91,0.739066667,160.3333333
150,28.926,91,0.7478,159.3333333
151,29.2296,91.66666667,0.7478,190.6666667
152,29.7348,87,0.754866667,198.3333333
153,29.8068,87,0.760133333,182.3333333
154,29.862,87,0.7636,185.6666667
155,30.1632,87,0.7636,175.3333333
156,30.4044,88.33333333,0.7636,171.3333333
157,29.6964,87,0.7689,181
158,30.9564,89.66666667,0.7689,199.3333333
159,30.6168,88,0.772433333,193
160,30.5496,87,0.7742,164.3333333
161,29.964,87,0.7794,164
162,29.9388,87,0.781166667,143
163,29.94,87,0.7847,153.6666667
164,29.6508,87,0.781166667,148.6666667
165,29.34,86,0.777666667,134
166,29.5812,86,0.7742,132
167,29.5092,86.66666667,0.7742,157.6666667
168,29.0556,83,0.775933333,161.6666667
169,29.2404,83,0.7794,154.6666667
170,29.3808,84.33333333,0.7794,132.3333333
171,29.2836,87,0.775933333,129.3333333
172,29.5956,87,0.7742,165.6666667
173,29.5668,87,0.772433333,157.3333333
174,29.16,83,0.770666667,137.6666667
175,27.0852,37.66666667,0.772433333,95
176,23.6376,17,0.761866667,18.33333333
177,27.7152,74.33333333,0.742566667,323
178,29.0124,82.66666667,0.740833333,332.3333333
179,29.2356,83.33333333,0.749566667,141.3333333
180,29.5212,87,0.7531,188.3333333
181,29.9292,87,0.7531,193.3333333
182,30.132,87,0.7531,181
183,30.2112,87,0.749566667,173.6666667
184,30.5112,87,0.7478,172
185,30.7488,88.33333333,0.749566667,187.3333333
186,30.444,87,0.7478,143.3333333
187,30.1728,87,0.7426,148
188,30.1404,87,0.7426,175.6666667
189,30.57,87,0.749566667,183
190,30.7836,89.33333333,0.760133333,198.3333333
191,30.8904,90.33333333,0.767133333,186.3333333
192,30.5676,87,0.772433333,172.3333333
193,30.558,87,0.7742,167.6666667
194,30.7524,88.66666667,0.7742,170.6666667
195,31.3344,91,0.7742,196
196,31.3212,91,0.7742,141.6666667
197,30.5892,88.33333333,0.7742,158
198,30.8364,90.33333333,0.7689,168.6666667
199,30.996,91,0.7689,178.6666667
200,30.6576,89,0.7689,156.3333333
201,31.2624,85.33333333,0.7689,210.6666667
202,35.5356,88.33333333,0.7689,507
203,34.4148,81.66666667,0.777666667,124
204,33.5112,87,0.786466667,165.6666667
205,33.3924,87,0.793466667,174.6666667
206,33.3168,87,0.798733333,181.3333333
207,33.2772,87,0.793466667,185.6666667
208,33.33,87,0.79,182
209,32.9868,86,0.793466667,175.6666667
210,32.616,84,0.7952,171.6666667
211,32.4696,83,0.7952,182.6666667
212,31.98,83,0.798733333,198.3333333
213,32.532,83,0.8058,188
214,32.832,86,0.8058,185.3333333
215,32.8716,85,0.8058,168.6666667
216,32.5632,83,0.8058,170.3333333
217,32.2644,83,0.8058,189
218,32.0988,83,0.8058,207
219,32.3172,83,0.8058,219.6666667
220,32.0292,83,0.8058,193.3333333
221,31.9272,83,0.8058,175.6666667
222,31.74,83,0.804033333,162.3333333
223,31.9416,83,0.796966667,192.6666667
224,32.208,83,0.791733333,191.6666667
225,31.9416,83,0.79,183
226,32.214,83,0.79,183.3333333
227,32.0112,83,0.791733333,178.3333333
228,31.8276,83,0.7952,187
229,31.6056,81.66666667,0.7952,185.6666667
230,31.1808,81.33333333,0.7952,187.6666667
231,31.524,82,0.79,189.3333333
232,31.2264,80,0.793466667,169.6666667
233,31.0236,80,0.789966667,181.3333333
234,31.2168,80,0.7847,194.6666667
235,31.2264,80,0.7847,188.3333333
236,31.7292,81.33333333,0.79,175.6666667
237,31.9008,83,0.79,229.6666667
238,32.5716,83,0.793466667,215.6666667
239,32.8176,83.66666667,0.798733333,190.6666667
240,33.1092,87,0.8005,190
241,32.934,85.66666667,0.796966667,168.3333333
242,32.6424,83.33333333,0.79,166.3333333
243,32.1288,83,0.788233333,153
244,32.4744,83,0.781166667,166.6666667
245,32.6208,83,0.775933333,171.3333333
246,32.6328,83,0.770666667,197.6666667
247,32.688,83,0.7689,162
248,32.2764,83,0.7689,161.3333333
249,32.3868,83,0.772433333,187
250,32.394,83,0.775933333,177.6666667
251,32.3376,83,0.7742,174
252,32.3316,87,0.7777,227.6666667
253,32.64,83,0.79,218.3333333
254,34.3212,81.33333333,0.8005,331.3333333
255,35.6388,74.33333333,0.804,452.3333333
256,32.232,41.66666667,0.819833333,104.3333333
257,29.8332,56.33333333,0.8216,42.66666667
258,34.422,83,0.825066667,406.6666667
259,35.4648,91,0.8268,311.6666667
260,34.7016,82,0.825066667,171
261,34.3284,79.33333333,0.8216,191.6666667
262,33.7644,81.33333333,0.8268,181.3333333
263,33.9996,87,0.8268,205.6666667
264,34.6092,90.33333333,0.8268,226
265,35.4744,91,0.8268,217.3333333
266,35.5344,91,0.8321,193.6666667
267,35.0112,91,0.833866667,171.6666667
268,34.6776,91,0.8374,182.3333333
269,34.6056,90.33333333,0.833866667,185
270,34.0884,87,0.8374,182.3333333
271,33.792,87,0.8374,190.6666667
272,33.018,86.33333333,0.8374,187.6666667
273,32.4672,83,0.8321,182
274,31.7508,83,0.8321,172.3333333
275,31.3248,81.66666667,0.8268,179.3333333
276,31.8108,82.33333333,0.823333333,186.3333333
277,32.1216,83,0.8163,187
278,32.3964,83.33333333,0.8163,186.6666667
279,33.0552,86,0.8163,191.6666667
280,33.348,87,0.812766667,173.6666667
281,33.5616,87,0.811,155.6666667
282,33.7092,87,0.811,162.3333333
283,33.6156,87,0.811,158.6666667
284,33.45,87,0.807533333,186.6666667
285,33.444,87,0.8058,198.6666667
286,33.5496,87,0.8058,201.3333333
287,33.5004,87,0.8058,192.3333333
288,33.612,87,0.8058,202.6666667
289,33.2148,87,0.802266667,167.3333333
290,33.2712,87,0.8005,215.3333333
291,33.672,87,0.8005,186.3333333
292,33.498,87,0.8005,180
293,33.1884,87,0.8005,169
294,32.9628,87,0.804033333,181
295,33.186,87,0.8058,226
296,33.4944,87,0.809266667,215.6666667
297,32.964,85,0.805766667,178.6666667
298,32.6652,84.33333333,0.7952,176.3333333
299,31.9752,83,0.79,204
300,32.0904,83,0.79,219
301,32.5212,83,0.79,206.3333333
302,32.6628,83,0.7952,180.3333333
303,32.5728,83,0.7952,181.6666667
304,32.1948,83,0.7952,185.3333333
305,32.13,83,0.7952,179.6666667
306,31.9644,83,0.7952,170.6666667
307,31.9104,83,0.79,179
308,31.98,83,0.786466667,193.3333333
309,31.9404,83,0.7847,210.6666667
310,31.7268,83,0.7847,196.6666667
311,31.2972,82.66666667,0.788233333,200.6666667
312,31.5192,81,0.7847,224.6666667
313,32.2704,83,0.79,223.6666667
314,33.1188,86.33333333,0.788233333,218.3333333
315,33.8184,87,0.7847,210.6666667
316,34.32,87,0.7847,203.3333333
317,34.2888,87,0.788233333,180.3333333
318,34.0944,87,0.788233333,203
319,33.9924,87,0.781166667,202
320,34.128,87,0.775933333,201.3333333
321,34.2444,87,0.782933333,196.6666667
322,34.422,89.66666667,0.788233333,172.3333333
323,34.5228,91,0.79,187.6666667
324,34.5924,91,0.79,196.6666667
325,34.6008,91,0.7952,176.3333333
326,34.41,87.33333333,0.7952,166.6666667
327,34.2984,87,0.79,166.3333333
328,34.308,87,0.79,176.6666667
329,34.7376,91,0.791733333,196.3333333
330,35.0892,91,0.7952,191.3333333
331,35.22,86,0.8005,169
332,35.3232,80,0.804033333,161
333,35.0904,80,0.802266667,169
334,34.7076,80,0.8005,161.6666667
335,34.2684,86.66666667,0.8005,173.3333333
336,33.8088,87,0.7952,183
337,33.8568,87,0.79,189
338,33.4092,87,0.79,175.3333333
339,32.5476,83.33333333,0.793466667,172.3333333
340,32.0736,83,0.7952,173
341,31.8744,83,0.793466667,180.3333333
342,32.184,83,0.79,191.3333333
343,32.3136,83,0.79,198.3333333
344,32.7324,83,0.788233333,195
345,32.916,85,0.7847,182.3333333
346,33.3408,87,0.788233333,199.3333333
347,33.4524,87,0.7952,207.6666667
348,33.5172,87,0.7952,205
349,33.87,87,0.7952,200
350,34.0152,87,0.7952,199.6666667
351,34.1592,87,0.7952,202.6666667
352,34.2528,87,0.798733333,188
353,34.2108,87,0.8005,173
354,34.362,88.33333333,0.8005,173.6666667
355,34.5552,91,0.8005,178.3333333
356,35.1192,91,0.8005,175.6666667
357,34.8108,91,0.8005,154.3333333
358,34.638,91,0.7952,186
359,34.5096,91,0.79,185
360,34.7844,91,0.79,177.3333333
361,34.9092,79,0.788233333,198.3333333
362,37.3164,84.66666667,0.79,413
363,37.4736,87,0.791733333,342
364,37.344,87,0.7952,273
365,37.2612,84.66666667,0.798733333,275.3333333
366,37.2336,83.33333333,0.807533333,225
367,37.5624,87,0.811,254.6666667
368,37.65,87,0.811,257.3333333
369,37.0692,84.33333333,0.812766667,222
370,35.8128,82,0.8163,170
371,34.344,62.33333333,0.8216,130
372,32.448,9.333333333,0.8216,17.66666667
373,31.1016,0,0.8216,0
374,28.572,29,0.8163,0.333333333
375,19.422,36,0.811033333,0
376,11.874,5.333333333,0.802266667,0
377,14.892,30,0.789966667,88.33333333
378,24.9036,71.33333333,0.770666667,303.3333333
379,30.1368,86.66666667,0.770666667,236.3333333
380,32.2284,92.33333333,0.782933333,205.3333333
381,33.5064,93,0.788233333,195
382,33.5748,87,0.793466667,139.6666667
383,34.146,87.33333333,0.7952,148.6666667
384,34.9188,91,0.791733333,173.6666667
385,35.1648,91,0.7847,177.6666667
386,33.6876,88.33333333,0.7847,189.6666667
387,31.3236,87,0.788233333,198.6666667
388,29.3064,86,0.79,231.6666667
389,29.1312,83.33333333,0.79,215
390,29.9808,87,0.791733333,196.6666667
391,29.2788,85.66666667,0.7952,171
392,27.5592,71.66666667,0.7952,86
393,26.5128,18.33333333,0.796966667,19.66666667
394,27.3468,0,0.7847,0
395,27.1188,0,0.763633333,0
396,28.1604,47,0.7408,89.66666667
397,27.8304,81,0.728533333,285.3333333
398,28.656,83,0.7531,265
399,29.5836,86.66666667,0.765366667,220
400,29.8332,87,0.7689,198.6666667
401,29.8164,87,0.7689,161.6666667
402,30.3792,87,0.7689,187
403,31.3056,90.33333333,0.7689,215.3333333
404,32.3076,83.33333333,0.7742,175
405,33.4836,86.66666667,0.7794,189.3333333
406,34.05,85.33333333,0.782933333,180.6666667
407,33.582,77,0.788233333,157
408,33.4236,77,0.7847,152.6666667
409,33.126,86.66666667,0.7794,172.3333333
410,32.5008,83.33333333,0.777666667,185
411,32.0244,83,0.7794,186
412,31.3764,81,0.777666667,197
413,31.4844,81.66666667,0.7742,204.6666667
414,32.0052,83,0.770666667,212
415,32.4036,83,0.7689,229.3333333
416,32.418,83,0.777666667,204
417,32.4312,83,0.7847,193.6666667
418,32.4564,83,0.79,161.6666667
419,32.4828,83,0.79,186.6666667
420,32.3328,83,0.7847,195.6666667
421,31.7964,83,0.79,194.6666667
422,31.7268,83,0.7952,211.6666667
423,31.6596,83,0.7952,222.6666667
424,31.5072,82,0.8005,226
425,31.1004,80,0.8005,196.6666667
426,30.9804,80,0.8005,204
427,31.1772,87.66666667,0.807533333,227.6666667
428,31.4604,91,0.811,231
429,31.3968,91,0.8163,210
430,31.3296,91,0.812766667,191.3333333
431,30.7428,89.66666667,0.809266667,155
432,30.4716,87,0.802266667,170.3333333
433,30.6504,87.33333333,0.8005,234.3333333
434,30.96,91,0.802266667,246.3333333
435,31.0896,91,0.8058,240.3333333
436,31.1736,91,0.809266667,251
437,31.3032,91,0.8163,230.6666667
438,30.8508,87.66666667,0.819833333,223.6666667
439,30.9108,88.66666667,0.823333333,254
440,31.4196,91,0.8268,246
441,31.6716,91,0.8268,218
442,31.782,91,0.8268,203.3333333
443,31.8228,91,0.828566667,222
444,31.83,91,0.8321,214.6666667
445,31.77,91,0.8321,221
446,31.6548,91,0.8321,214
447,31.3692,91,0.833866667,204.6666667
448,30.9144,91,0.8374,213
449,30.6792,88,0.8374,238.6666667
450,30.6468,87,0.8426,234
451,30.5832,87,0.8426,226.3333333
452,30.4848,87,0.8426,221.6666667
453,30.9732,88.66666667,0.8426,213.6666667
454,32.0304,91,0.8426,212.3333333
455,32.4192,94.33333333,0.8374,162.6666667
456,32.6292,94.33333333,0.8374,163
457,32.712,85,0.8374,147
458,33.258,87,0.8321,223
459,34.4316,88.33333333,0.828566667,302.6666667
460,36.5112,94.66666667,0.8268,454.3333333
461,35.412,90,0.830333333,153.6666667
462,34.9596,91,0.8321,229.6666667
463,34.3872,88.33333333,0.839133333,203.6666667
464,34.3356,87,0.8426,211
465,34.3944,88.66666667,0.846133333,186.6666667
466,35.1504,91,0.844366667,199.3333333
467,35.7564,91,0.8426,179
468,35.292,91,0.840866667,145.3333333
469,35.2512,91,0.8374,160.3333333
470,35.9484,91,0.835633333,187.3333333
471,36.0492,89.66666667,0.833866667,144
472,35.7732,82,0.8321,113.6666667
473,36.0756,93,0.828566667,187
474,36.2484,96,0.8268,189.6666667
475,36.1968,92.66666667,0.830333333,188.3333333
476,36.3372,96,0.828566667,236
477,36.3744,96,0.830333333,188
478,35.8632,92,0.828566667,215.3333333
479,35.8188,91,0.828566667,222
480,36.3864,95,0.828566667,235
481,36.096,93,0.8268,172
482,35.3544,91,0.8268,198.3333333
483,35.3424,91,0.8268,230.6666667
484,35.4384,91,0.8268,234.3333333
485,35.6988,91,0.830333333,227.6666667
486,36.0204,92,0.8321,206
487,35.6748,92,0.8268,197
488,35.2224,91,0.8268,206.6666667
489,35.2188,91,0.8268,252.3333333
490,35.3712,91,0.8268,273.6666667
491,35.5464,91,0.828566667,250.6666667
492,35.4048,91,0.8321,277
493,35.7792,91,0.8321,317.3333333
494,35.6652,91,0.8374,251.3333333
495,34.8288,91,0.8374,263.3333333
496,33.96,93,0.8426,252.3333333
497,33.7968,97.66666667,0.8479,281.3333333
498,33.9372,97,0.8479,415.6666667
499,34.074,100.3333333,0.851433333,499.3333333
500,33.0576,96,0.8532,398.6666667
501,32.7,94.66666667,0.854933333,389.6666667
502,32.01,91.66666667,0.860166667,307
503,33.1368,96,0.8637,323.6666667
504,33.2292,96,0.869,223.6666667
505,33.8988,97.66666667,0.8742,273.3333333
506,34.1352,101,0.875966667,272.3333333
507,34.3644,101,0.8795,295.3333333
508,34.0536,98.66666667,0.8795,223
509,34.5864,100.3333333,0.8795,219.3333333
510,35.886,84,0.8795,197.6666667
511,36.7584,82,0.8795,60.33333333
512,39.438,89,0.8795,140
513,42.0684,91.66666667,0.8795,132.6666667
514,44.16,36.66666667,0.875966667,123
515,45.6864,0,0.8707,0
516,46.4064,5.333333333,0.839133333,0
517,44.1204,31.66666667,0.825066667,17
518,41.3856,85.33333333,0.828566667,156.3333333
519,38.982,98.66666667,0.837366667,280.6666667
520,37.3296,97,0.8479,362
521,36.7128,96,0.856666667,464
522,35.4696,95.66666667,0.8584,378.3333333
523,34.014,98.66666667,0.8637,213.6666667
524,34.1916,100,0.865466667,227.6666667
525,34.152,101,0.869,210
526,35.1924,101,0.870733333,278.6666667
527,35.7144,93.33333333,0.8742,183
528,35.9928,92,0.8742,160.6666667
529,36.4812,96,0.872466667,175.6666667
530,36.1536,95,0.869,132
531,35.5284,91,0.8637,147.3333333
532,35.1168,91,0.8637,265.6666667
533,33.8268,91.33333333,0.8637,324.3333333
534,32.9352,96,0.869,470.3333333
535,32.2956,94.33333333,0.869,450.6666667
536,31.8816,91,0.8742,334.3333333
537,31.5048,91,0.877733333,260.6666667
538,31.9344,91,0.8848,246.6666667
539,31.5996,91,0.8848,174.6666667
540,31.7556,91,0.886533333,303.6666667
541,33.4056,96,0.888266667,432
542,34.6968,100.6666667,0.89,395.6666667
543,34.4208,88,0.89,194
544,36.1476,92,0.89,167.3333333
545,37.9392,88.33333333,0.89,108.3333333
546,34.9236,89.66666667,0.89,170.6666667
547,33.8172,84.66666667,0.886533333,357.3333333
548,33.0132,74,0.8848,218
549,34.9704,86.33333333,0.883033333,88.33333333
550,38.8464,84.66666667,0.883033333,69.66666667
551,41.9688,70.66666667,0.8848,14.33333333
552,43.1388,23,0.881266667,6.333333333
553,43.2228,7,0.872466667,2.333333333
554,44.574,72.33333333,0.860166667,48
555,45.486,90.33333333,0.856666667,102.3333333
556,44.352,88.33333333,0.846133333,105
557,42.324,90.33333333,0.8321,124.3333333
558,40.4376,87.66666667,0.8216,156.6666667
559,38.658,86.66666667,0.8163,139.6666667
560,37.5816,86.66666667,0.8163,275
561,39.5592,89.66666667,0.819833333,526.6666667
562,38.946,89,0.825066667,229.3333333
563,38.2296,87,0.8321,205.3333333
564,37.2468,86,0.839133333,153
565,36.9312,87.33333333,0.8426,209.6666667
566,38.3532,97.66666667,0.844366667,322
567,40.0296,90.66666667,0.8426,128.6666667
568,40.3824,91,0.8426,92.33333333
569,38.7228,92.33333333,0.8374,122
570,36.39,96,0.8374,360.3333333
571,37.5528,90.66666667,0.8374,336
572,39.1392,71.33333333,0.8374,163
573,41.9868,87.33333333,0.835633333,106.6666667
574,40.4964,59.66666667,0.830333333,15
575,37.3452,91.33333333,0.823333333,144
576,35.9796,91,0.8216,270.6666667
577,35.2248,91,0.819833333,282.6666667
578,34.542,90.66666667,0.811,242.6666667
579,34.3956,91,0.811,187.3333333
580,35.9496,81,0.8163,130
581,37.7868,94,0.812766667,220.6666667
582,38.9724,91.66666667,0.811,139.6666667
583,40.8972,86,0.812766667,82.33333333
584,41.2848,82,0.819833333,47.66666667
585,41.8836,87,0.823333333,99
586,40.7808,45.33333333,0.811033333,15.66666667
587,39.6216,2.666666667,0.798733333,0.666666667
588,38.2872,11.33333333,0.791733333,9.666666667
589,39.0564,81.66666667,0.7847,258.3333333
590,39.9108,85.66666667,0.786466667,264
591,39.8748,86,0.791733333,232
592,38.7108,89,0.793466667,222.6666667
593,39.1968,97,0.793466667,350
594,38.496,86.33333333,0.798733333,143.6666667
595,37.9548,87,0.802266667,172
596,37.56,88.33333333,0.8058,138.6666667
597,36.5268,95.66666667,0.8058,210.3333333
598,35.4708,91.33333333,0.811,240.3333333
599,35.3676,91,0.811,311
600,35.3076,91,0.811,399.3333333
601,35.7528,91,0.8163,342.3333333
602,35.5704,91,0.823333333,296
603,34.956,91,0.828566667,207
604,33.7596,92,0.8374,174.6666667
605,32.8464,96,0.8426,165
606,33.1728,92.66666667,0.8426,167.3333333
607,34.512,88,0.8426,138.3333333
608,35.4228,65,0.8426,65.33333333
609,36.6372,8.333333333,0.839133333,10
610,36.9864,13.33333333,0.833866667,4.333333333
611,37.116,80,0.823333333,90.33333333
612,37.9788,82,0.8163,92
613,38.9784,83,0.8163,103
614,39.2172,83,0.809266667,137.6666667
615,39.9336,84.33333333,0.798733333,176.3333333
616,40.9776,87,0.789966667,133
617,42.63,89.66666667,0.786466667,164.6666667
618,44.1132,90.66666667,0.793466667,150.6666667
619,42.93,77.33333333,0.793466667,130
620,43.2876,90.66666667,0.786466667,244.3333333
621,43.3836,91,0.7847,269.3333333
622,42.3672,91,0.7847,183
623,40.0836,90,0.79,199
624,38.6964,89.66666667,0.7952,182.6666667
625,38.0736,88.33333333,0.8005,172.3333333
626,37.7496,95.66666667,0.8005,228.6666667
627,37.1724,96,0.8058,246.6666667
628,35.4144,95.33333333,0.8058,208.3333333
629,33.4584,94,0.8058,361
630,32.1204,94.66666667,0.809266667,475
631,30.0732,87.33333333,0.821566667,407.6666667
632,29.5368,87,0.828566667,443
633,30.0276,87,0.8426,466.6666667
634,30.6084,87,0.844366667,433.3333333
635,30.8952,89.66666667,0.8532,385.3333333
636,31.5792,99,0.861933333,322.6666667
637,30.7164,81.33333333,0.870733333,129.3333333
638,31.47,89.66666667,0.875966667,139.3333333
639,33.5124,95.66666667,0.881266667,231.6666667
640,33.6192,96,0.8848,170.3333333
641,33.192,96,0.883033333,182.3333333
642,32.5356,96,0.8848,216.3333333
643,32.208,92.66666667,0.881266667,224
644,31.6968,91,0.8848,258
645,31.806,91,0.8848,376.6666667
646,31.0152,91,0.8848,325.3333333
647,29.538,93.33333333,0.888266667,266.6666667
648,29.2872,96,0.893533333,224.3333333
649,29.0676,91.33333333,0.8953,190.3333333
650,28.9356,91,0.9006,217
651,28.7472,91,0.9006,253.3333333
652,28.0956,90.66666667,0.9006,243
653,27.1956,87,0.9006,222.3333333
654,25.6176,87.33333333,0.9006,184.6666667
655,23.796,88.33333333,0.8953,164.3333333
656,22.1424,82,0.8953,153
657,20.418,82,0.8953,118.3333333
658,19.4988,62.33333333,0.891766667,92.66666667
659,19.6884,6.666666667,0.883033333,12.66666667
660,17.7036,0.333333333,0.8725,0
661,9.1272,29.66666667,0.861933333,7.666666667
662,13.1316,48.33333333,0.853166667,223.3333333
663,18.4668,74.33333333,0.8426,373.6666667
664,23.6916,66.33333333,0.6741,93.33333333
665,26.0256,72,0.6934,134
666,29.6136,75,0.711,205.3333333
667,33.6012,85.33333333,0.719733333,448
668,33.4044,77.66666667,0.735533333,125.3333333
669,33.4584,82.66666667,0.751333333,137.3333333
670,34.854,86.66666667,0.7619,129.6666667
671,36.5508,82.66666667,0.7742,183
672,38.31,85.33333333,0.782933333,263.6666667
673,37.0236,60.66666667,0.791733333,63
674,35.664,66,0.8005,32.66666667
675,36.4536,85.66666667,0.804033333,236
676,37.1544,96,0.814533333,344.3333333
677,36.8616,96,0.818066667,358.3333333
678,37.2084,94.33333333,0.826833333,371.6666667
679,37.11,57,0.833866667,192.3333333
680,37.9944,62,0.840866667,12
681,39.8928,73,0.844366667,62.33333333
682,42.4212,52.66666667,0.8479,6.666666667
683,45.2808,37,0.844366667,0
684,47.5404,43.66666667,0.839133333,5.666666667
685,47.7228,77.66666667,0.826833333,57.66666667
686,46.6692,72.33333333,0.819833333,30.66666667
687,45.9312,74.33333333,0.8163,104.6666667
688,45.3492,77.33333333,0.8163,70.66666667
689,45.7668,77.33333333,0.8163,218
690,46.1964,81.33333333,0.811,190
691,44.7756,85.66666667,0.811,177.6666667
692,44.1216,87,0.811,237
693,43.3272,82.66666667,0.811,260.3333333
694,39.8496,61.66666667,0.811,80.33333333
695,37.362,84.33333333,0.811,159
696,33.7404,87.66666667,0.811,165.6666667
697,34.7304,90,0.811,504
698,34.6992,90.33333333,0.812766667,309.6666667
699,33.882,87.33333333,0.819833333,205.3333333
700,35.4444,90,0.825066667,466.3333333
701,35.9256,91,0.8321,331.6666667
702,35.724,91,0.840866667,279
703,36.4224,95.33333333,0.844366667,398.6666667
704,35.7636,92,0.8479,279.3333333
705,35.8896,92,0.8584,312
706,37.1904,96,0.8584,404
707,38.418,94.66666667,0.865466667,237
708,38.8044,79.33333333,0.869,89.66666667
709,38.394,58.66666667,0.8742,1.666666667
710,38.208,51,0.870733333,15
711,39.2436,82.33333333,0.865466667,130.3333333
712,39.9252,72,0.860166667,72
713,40.476,66,0.849666667,64.33333333
714,42.3696,82.66666667,0.844366667,216.3333333
715,42.6264,83,0.840866667,123
716,41.898,80.66666667,0.835633333,250.6666667
717,40.8084,85.33333333,0.8321,150.6666667
718,39.4044,76.33333333,0.8321,115.3333333
719,38.5224,84,0.830333333,93.33333333
720,37.962,87,0.8268,163.6666667
721,37.8564,87,0.823333333,208
722,37.7772,85.33333333,0.811033333,213.3333333
723,37.812,86.33333333,0.807533333,236.3333333
724,38.3016,87,0.812766667,270.3333333
725,37.884,86.33333333,0.818066667,209
726,35.7996,71.66666667,0.8216,111.3333333
727,34.614,90.33333333,0.8268,216.3333333
728,34.7928,90.66666667,0.8321,401.3333333
729,34.9536,91,0.8321,347.6666667
730,33.4488,87.66666667,0.8374,156.3333333
731,33.2244,87,0.839133333,269.6666667
732,32.9412,86.33333333,0.8426,296
733,33.036,84,0.8479,215
734,35.2644,88,0.8479,255.6666667
735,37.8036,84.33333333,0.8479,232
736,40.5912,88,0.8532,227.3333333
737,41.928,81.33333333,0.8532,174.3333333
738,40.746,79.66666667,0.8532,95.66666667
739,37.6812,85,0.8532,159.6666667
740,35.3112,70.66666667,0.8532,128
741,34.5888,80,0.846133333,128.6666667
742,36.9252,83,0.8426,190.3333333
743,38.8632,89.33333333,0.839133333,201.6666667
744,39.9624,91,0.835633333,375
745,38.6292,88.33333333,0.8321,206
746,37.4076,87,0.8321,240.6666667
747,37.704,87,0.830333333,208
748,39.204,88,0.8268,237.6666667
749,40.2012,91,0.8268,276
750,40.506,90.66666667,0.828566667,187.6666667
751,40.9116,84.66666667,0.8321,122
752,40.7676,59.66666667,0.8374,43.33333333
753,40.2084,59,0.8374,24.33333333
754,40.1184,80.66666667,0.823333333,116.3333333
755,39.1032,66.33333333,0.819833333,48.33333333
756,38.8056,87.33333333,0.8163,188.3333333
757,38.3028,98.33333333,0.8163,281.3333333
758,36.3048,95,0.8216,254.6666667
759,34.0212,91,0.819833333,229.6666667
760,32.874,96,0.8163,296.3333333
761,30.2424,86.33333333,0.819833333,202.6666667
762,27.5016,88.33333333,0.825066667,264
763,26.9976,87.33333333,0.8268,408
764,30.1788,96.66666667,0.833866667,733
765,31.242,99,0.8444,475
766,33.462,103,0.851433333,364
767,36.786,99.33333333,0.865466667,296
768,39.6012,91,0.8742,235
769,40.9764,103.3333333,0.8795,524.6666667
770,40.7496,100.6666667,0.881266667,449
771,40.308,75.66666667,0.888266667,37
772,40.1436,69.66666667,0.89,14.66666667
773,39.96,77,0.89,45
774,40.3728,70,0.89,75
775,39.4824,76,0.886533333,33.33333333
776,40.662,89,0.881266667,140.6666667
777,43.8108,91.66666667,0.8742,218.3333333
778,47.6736,89,0.869,117.6666667
779,49.4988,62.66666667,0.869,68
780,47.7564,57.66666667,0.865466667,38
781,45.57,66.33333333,0.8637,17.33333333
782,43.9548,83,0.860166667,72.33333333
783,43.074,86,0.849666667,136
784,42.2328,89.66666667,0.844366667,121.6666667
785,42.6768,90.66666667,0.8426,224.3333333
786,43.2216,81.33333333,0.8374,162.6666667
787,45.1836,87.66666667,0.835633333,202.3333333
788,48.3132,93.66666667,0.8321,260.6666667
789,50.1576,65,0.8321,73.66666667
790,51.0168,78.66666667,0.8321,76.66666667
791,50.7792,95.66666667,0.8321,200.3333333
792,48.0888,99.33333333,0.828566667,276.3333333
793,44.874,74.33333333,0.8321,137.6666667
794,39.4596,43,0.8321,0
795,34.734,65.33333333,0.828566667,59.33333333
796,32.3076,86,0.825066667,232
797,32.13,83,0.8216,384.6666667
798,33.1692,85.33333333,0.8216,463.3333333
799,35.9652,91,0.8216,549.3333333
800,37.6092,96,0.830333333,390.3333333
801,41.7624,106.6666667,0.844366667,567.6666667
802,44.0616,102.6666667,0.854933333,354.3333333
803,44.724,65.66666667,0.865466667,122.3333333
804,43.3716,69.33333333,0.870733333,10
805,42.4584,70.66666667,0.8742,28
806,43.9824,84.66666667,0.870733333,103.6666667
807,46.7244,86,0.869,128.6666667
808,48.0216,74,0.869,22.66666667
809,48.372,73.33333333,0.872466667,64.33333333
810,50.7276,86.33333333,0.8742,206.3333333
811,47.544,66,0.8742,351
812,45.2688,65.33333333,0.869,70.33333333
813,44.604,87,0.860166667,83
814,46.5756,90.33333333,0.8584,383.6666667
815,46.8888,91,0.856666667,258
816,45.528,52.66666667,0.8532,56.33333333
817,44.7252,78.66666667,0.849666667,65
818,43.794,80,0.8479,18.33333333
819,43.2396,86.33333333,0.844366667,61
820,42.8688,84.66666667,0.833866667,170.3333333
821,43.1976,83.33333333,0.825066667,187.3333333
822,44.6316,87,0.8216,339
823,45.2712,87,0.8216,299
824,45.624,90.66666667,0.8216,244.3333333
825,44.9424,88,0.823333333,206.6666667
826,44.9496,87,0.8268,174
827,45.1392,89.66666667,0.8268,236
828,45.0432,91,0.8268,202.3333333
829,44.9904,88.33333333,0.8268,250.3333333
830,45.2556,90.66666667,0.828566667,362.3333333
831,44.3076,87,0.8321,205.6666667
832,43.1748,85.66666667,0.835633333,225.6666667
833,42.5748,83,0.835633333,273.3333333
834,42.3372,83,0.8374,305.3333333
835,43.1256,85,0.8426,338
836,44.484,87,0.846133333,326.6666667
837,46.3344,91,0.849666667,343
838,47.0592,79.66666667,0.8532,414
839,45.5088,67,0.861933333,179.6666667
840,44.4096,75,0.8637,104
841,43.8024,85.33333333,0.861933333,158.6666667
842,43.1376,85,0.8584,215.6666667
843,42.3696,82.66666667,0.854933333,261
844,42.0036,87.33333333,0.854933333,161.3333333
845,43.5696,90.66666667,0.8532,212.6666667
846,43.8612,92.66666667,0.854933333,199.6666667
847,44.478,96,0.8532,201.3333333
848,44.796,96,0.8532,225
849,45.264,96,0.851433333,202
850,45.3864,95.66666667,0.8532,185.3333333
851,45.1368,90.66666667,0.849666667,144.3333333
852,44.6928,87.33333333,0.8479,132
853,44.376,87,0.8479,141.6666667
854,44.0052,87,0.846133333,144.6666667
855,43.9908,86.66666667,0.8426,169.6666667
856,42.9372,63.66666667,0.8374,119.3333333
857,42.9156,83,0.835633333,146.6666667
858,42.9276,83,0.8321,160.3333333
859,42.9912,84.33333333,0.8216,177.6666667
860,43.6692,87,0.819833333,270
861,44.2128,87,0.8163,282.6666667
862,44.7684,87,0.818066667,249
863,44.7948,86,0.8216,177
864,43.1928,66.33333333,0.8216,40.33333333
865,42.9288,81.66666667,0.8216,84.33333333
866,42.5724,83,0.812766667,159.3333333
867,41.3496,81,0.811,118.6666667
868,41.7552,87.33333333,0.8058,209.3333333
869,41.8704,88.66666667,0.804033333,268.6666667
870,41.1624,87,0.8005,154.3333333
871,40.818,87,0.802266667,139.6666667
872,39.9396,75.33333333,0.8058,102.3333333
873,38.9364,65,0.802266667,30.66666667
874,39.4464,85.33333333,0.7952,152.6666667
875,40.5468,91,0.796966667,254
876,41.0448,95,0.7952,216.6666667
877,39.534,85,0.7952,118
878,38.1984,78.66666667,0.7952,114.3333333
879,35.4456,56.33333333,0.791733333,64.66666667
880,30.3228,49.33333333,0.781166667,27.66666667
881,29.5824,82.66666667,0.767166667,109.6666667
882,29.9724,87,0.7584,179
883,30.48,87,0.7584,173.6666667
884,30.4224,78,0.7584,90.33333333
885,28.0824,53,0.7584,29.66666667
886,19.9524,46,0.7531,9
887,13.158,45.66666667,0.744333333,1.333333333
888,11.2248,39.33333333,0.735566667,34.33333333
889,18.0612,71.66666667,0.7268,255
890,23.2188,93.33333333,0.742566667,400.3333333
891,29.5356,103.6666667,0.7619,493.3333333
892,29.2776,103.6666667,0.779433333,406
893,36.7812,113.6666667,0.797,747.3333333
894,38.1204,113,0.818033333,566.6666667
895,39.546,103.6666667,0.835633333,401
896,40.4808,91,0.8479,300.3333333
897,38.6712,67.33333333,0.8584,56.33333333
898,36.6756,53.66666667,0.8637,34
899,34.9308,79.66666667,0.865466667,117.6666667
900,33.0792,55.66666667,0.861933333,119.3333333
901,32.9064,81.66666667,0.856666667,81.33333333
902,31.8888,78,0.849666667,104.3333333
903,28.1136,64,0.840866667,57
904,19.1052,42.33333333,0.830333333,12
905,14.064,57.66666667,0.809266667,0
906,9.03,35.33333333,0.7952,10.33333333
907,14.22,46.33333333,0.7952,113.3333333
908,20.9064,83,0.791733333,361.6666667
909,25.7712,97.66666667,0.79,434.3333333
910,28.0668,101,0.79,468.3333333
911,29.8788,101.3333333,0.798733333,539.6666667
912,28.686,79.66666667,0.811033333,245.6666667
913,33.1284,111,0.826833333,609.6666667
914,36.8544,103.3333333,0.8409,602
915,37.74,94.66666667,0.8637,459
916,35.1684,72.33333333,0.875966667,149.6666667
917,34.8576,99.66666667,0.883033333,201.3333333
918,37.9536,109.3333333,0.891766667,447.6666667
919,38.1528,90,0.898833333,143.6666667
920,38.1108,97.66666667,0.9006,124
921,41.0508,103.6666667,0.9006,494.6666667
922,42.138,103.3333333,0.902333333,352.3333333
923,42.222,96,0.9058,298.3333333
924,43.4184,98.66666667,0.9058,437.6666667
925,42.9756,92,0.907566667,363
926,40.8792,68.66666667,0.912866667,173.6666667
927,39.8112,73.33333333,0.9111,101.6666667
928,37.818,54.33333333,0.9111,35.33333333
929,37.5912,86.66666667,0.909333333,104.6666667
930,41.2176,104,0.9058,521.3333333
931,41.7816,96,0.9111,361.3333333
932,41.6112,96,0.9111,194.3333333
933,44.6004,98.66666667,0.907566667,502.6666667
934,46.8924,100,0.909333333,560.6666667
935,46.296,82.66666667,0.914633333,340
936,44.1768,60.33333333,0.9164,213.6666667
937,43.5696,76.66666667,0.9164,150.6666667
938,42.0132,66,0.9216,44.66666667
939,42.9972,90.66666667,0.9216,269
940,43.4364,75.66666667,0.919866667,242
941,41.9688,71.66666667,0.918133333,95.66666667
942,40.8648,61,0.912866667,85.33333333
943,39.456,66.33333333,0.9111,50.66666667
944,40.3104,90.33333333,0.9058,217
945,40.4076,88,0.9058,175
946,41.2032,93.33333333,0.897066667,264
947,43.1688,97.66666667,0.8953,362
948,44.2572,97,0.8953,331
949,44.1396,96,0.8953,192.3333333
950,43.5396,85.66666667,0.893533333,173.3333333
951,42.2064,73.33333333,0.89,105.6666667
952,42.8028,91,0.89,281.6666667
953,42.9972,91,0.89,292.6666667
954,42.7356,92,0.89,245.3333333
955,44.9676,101.3333333,0.89,413.6666667
956,46.998,95,0.89,500.6666667
957,43.4076,54.66666667,0.8953,66.33333333
958,40.3104,68,0.8953,68.66666667
959,40.6716,91,0.891766667,198.3333333
960,42.0348,94.66666667,0.89,262.6666667
961,45.5688,103.3333333,0.893533333,564.6666667
962,46.9032,95.33333333,0.8953,421
963,44.8476,62.33333333,0.8953,43.66666667
964,43.2984,64.66666667,0.8953,26.33333333
965,43.9632,91.33333333,0.8953,193.6666667
966,44.5344,96,0.8953,245
967,44.8524,96,0.8953,225.3333333
968,44.5908,95.33333333,0.8953,213.3333333
969,44.988,94.66666667,0.8953,299.3333333
970,44.8056,92,0.8953,192
971,45.468,96,0.8953,287.3333333
972,46.7268,99.33333333,0.891766667,387
973,46.3872,96.66666667,0.89,278.6666667
974,46.0128,92,0.893533333,184
975,44.8164,69.33333333,0.8953,92.33333333
976,44.3532,93,0.8953,166.6666667
977,43.5456,83,0.8953,109
978,43.8672,92.66666667,0.888266667,270.6666667
979,42.978,85,0.881266667,160
980,42.864,84.33333333,0.877733333,151.6666667
981,43.4712,90.66666667,0.8742,217.6666667
982,43.5444,82.66666667,0.870733333,250
983,42.7308,70.66666667,0.8742,105.6666667
984,44.238,93.33333333,0.869,320.3333333
985,46.6212,99.33333333,0.870733333,489
986,47.3268,92,0.8742,257.3333333
987,45.3948,67,0.872466667,68.66666667
988,43.3692,71,0.869,57
989,43.68,101,0.860166667,254.3333333
990,43.9068,88.33333333,0.8584,189.3333333
991,43.2828,90,0.856666667,47.33333333
992,43.764,100,0.8532,97
993,44.9568,101.6666667,0.8532,269.3333333
994,46.3632,101,0.8532,326
995,44.1132,74.33333333,0.8532,175.6666667
996,41.1228,57,0.851433333,103.6666667
997,41.2608,91.66666667,0.846133333,191.6666667
998,41.7924,96,0.844366667,249
999,40.9188,95.33333333,0.8426,218.6666667
1000,35.8596,85.66666667,0.8426,178
1001,30.744,73,0.8374,162
1002,31.3164,74,0.828566667,159
1003,30.9468,58,0.8268,120.3333333
1004,26.8896,46.66666667,0.819833333,5.333333333
1005,23.7504,41.66666667,0.811033333,0
1006,16.9968,40,0.8005,46.33333333
1007,23.7108,66.33333333,0.796966667,440.6666667
1008,32.4072,97,0.796966667,670
1009,35.4492,102.6666667,0.805766667,425
1010,39.822,106,0.8163,548.6666667
1011,41.7984,90,0.8356,449.6666667
1012,41.6376,96.66666667,0.8532,258.6666667
1013,42.0732,98,0.856666667,201.6666667
1014,40.7616,71.33333333,0.8637,79.33333333
1015,41.2704,93.66666667,0.867233333,243.6666667
1016,42.252,94,0.870733333,292
1017,40.032,76.66666667,0.877733333,189
1018,38.406,82,0.8795,175
1019,39.588,101.6666667,0.8795,286.3333333
1020,41.832,105.6666667,0.877733333,422
1021,42.5412,79.66666667,0.8795,313
1022,42.5088,89.66666667,0.8795,272.6666667
1023,44.6472,101,0.881266667,446.3333333
1024,43.2528,88.66666667,0.886533333,273
1025,41.4048,65,0.89,142.3333333
1026,42.8112,93.33333333,0.89,193.3333333
1027,43.4976,99.66666667,0.89,283
1028,44.37,101,0.89,328.6666667
1029,45.6048,101.3333333,0.893533333,326.6666667
1030,45.8268,96,0.893533333,228.6666667
1031,45.3444,76,0.893533333,225.6666667
1032,43.692,66,0.8953,90
1033,43.0716,86,0.891766667,113.3333333
1034,43.1184,91,0.888266667,205
1035,43.7856,92.66666667,0.883033333,274.3333333
1036,43.596,91.66666667,0.881266667,224
1037,43.5876,85.33333333,0.8795,225.6666667
1038,42.8268,86.66666667,0.877733333,140
1039,43.0908,91,0.8742,179.3333333
1040,43.2396,91,0.8742,250.6666667
1041,44.508,94.33333333,0.872466667,372
1042,46.3488,98,0.8742,453.6666667
1043,45.498,85,0.8742,290
1044,38.316,57.33333333,0.8742,127.6666667
1045,32.1012,47,0.8742,7
1046,28.0512,51,0.867233333,0.666666667
1047,23.8452,44.66666667,0.856666667,2.333333333
1048,21.2016,53.33333333,0.8444,5.333333333
1049,17.2056,55,0.8321,4.666666667
1050,11.7804,28.33333333,0.767133333,42.33333333
1051,17.7072,49.33333333,0.7689,221.3333333
1052,26.2956,78.33333333,0.7689,450.3333333
1053,31.2624,98.33333333,0.774166667,472
1054,36.2208,103.6666667,0.782933333,564.3333333
1055,40.2468,107,0.8005,542.3333333
1056,40.908,101,0.826833333,366
1057,42.0864,95.33333333,0.839133333,265
1058,42.8496,96,0.8514,248
1059,43.7208,100.3333333,0.861933333,332
1060,44.2644,101,0.8742,301
1061,45.4596,87.33333333,0.877733333,433.3333333
1062,44.25,81.66666667,0.8848,114
1063,43.296,67.66666667,0.8848,114.3333333
1064,41.9496,89,0.886533333,117.3333333
1065,40.6464,54,0.8848,36.33333333
1066,39.1344,65,0.881266667,12.66666667
1067,34.8348,49,0.877733333,23
1068,32.778,61.66666667,0.870733333,166
1069,39.0948,85,0.865466667,741
1070,42.2328,94.33333333,0.867233333,616
1071,42.9588,97.33333333,0.870733333,254.3333333
1072,42.096,73.33333333,0.883033333,45.66666667
1073,41.508,93,0.8848,130.6666667
1074,42.8316,96.66666667,0.8848,341.6666667
1075,42.684,88.33333333,0.886533333,264.6666667
1076,41.3112,74.66666667,0.89,107.6666667
1077,40.5912,78,0.891766667,56.33333333
1078,42.1524,95,0.8953,312.6666667
1079,42.3144,90,0.8953,264.3333333
1080,40.95,67,0.89,66.33333333
1081,39.8184,72.66666667,0.883033333,55.66666667
1082,40.152,90.66666667,0.8795,203
1083,40.794,92,0.877733333,265
1084,42.8112,95,0.870733333,399.3333333
1085,43.0836,87.66666667,0.869,246
1086,42.3576,86.66666667,0.869,178.3333333
1087,42.8316,91,0.869,280.3333333
1088,45.1272,102,0.869,444.3333333
1089,45.7548,84.66666667,0.8742,235
1090,45.7332,104,0.8795,208.6666667
1091,45.972,98.33333333,0.8795,256
1092,46.0704,97.33333333,0.883033333,233
1093,45.3168,94.66666667,0.8848,135
1094,45.294,96,0.8848,251.6666667
1095,45.072,96,0.8848,216.6666667
1096,45.1656,96,0.8848,246.3333333
1097,45.222,91,0.89,212.3333333
1098,43.6188,66.66666667,0.888266667,26
1099,43.8096,73.66666667,0.888266667,68.33333333
1100,45.03,79.33333333,0.881266667,108.3333333
1101,45.1836,85,0.8795,145.3333333
1102,45.102,91,0.875966667,182
1103,45.0144,93.66666667,0.8742,196.6666667
1104,43.7592,65.66666667,0.877733333,147.3333333
1105,44.5128,93,0.877733333,262
1106,44.2044,74,0.8742,259.6666667
1107,44.6796,95,0.870733333,299.6666667
1108,44.796,92.33333333,0.865466667,352.6666667
1109,42.8508,49.66666667,0.8637,82.33333333
1110,42.516,89.66666667,0.860166667,176.6666667
1111,43.98,92.66666667,0.8584,282
1112,44.6952,86.33333333,0.8584,210
1113,45.798,96,0.8532,259.6666667
1114,45.81,96,0.8584,207
1115,44.2392,57,0.8584,78
1116,41.7456,56,0.856666667,12
1117,40.3092,70.33333333,0.8532,49.66666667
1118,41.2008,94.33333333,0.846133333,310.6666667
1119,41.4684,96,0.8426,263
1120,42.228,96,0.8374,290.3333333
1121,43.3416,98.33333333,0.8374,332
1122,43.212,100.3333333,0.844366667,289.3333333
1123,42.9864,98.66666667,0.849666667,264
1124,42.8232,95.66666667,0.8532,247
1125,43.5564,101,0.856666667,289.3333333
1126,43.6224,91.33333333,0.8584,219.6666667
1127,43.3764,77,0.8584,155.6666667
1128,44.8716,101,0.8532,335.3333333
1129,45.7272,100.3333333,0.8532,305.6666667
1130,44.5056,79,0.8532,227
1131,41.2284,56,0.8584,203
1132,34.734,33,0.8584,122
1133,25.7328,43.66666667,0.854933333,0
1134,15.5904,37.33333333,0.8479,0
1135,8.8356,38.66666667,0.840866667,0.666666667
1136,6.0552,32.33333333,0.8286,4.333333333
1137,4.7988,19.66666667,0.8128,9.666666667
1138,4.56,20.33333333,0.782933333,10
1139,3.9912,19.66666667,0.765366667,11.33333333
1140,12.7212,36.66666667,0.7636,157
1141,21.6444,86.66666667,0.767133333,403
1142,28.9116,109,0.7759,566.3333333
1143,33.8688,106.6666667,0.788233333,522.3333333
1144,38.4708,112.6666667,0.805766667,623.3333333
1145,41.4588,108.3333333,0.8233,544.6666667
1146,43.4172,100,0.8321,449.6666667
1147,42.9948,71.33333333,0.849633333,141.6666667
1148,42.7992,89.66666667,0.860166667,302.3333333
1149,41.5476,80.66666667,0.867233333,200
1150,41.8536,101.3333333,0.872466667,152
1151,43.0752,105.6666667,0.870733333,291.3333333
1152,45.0864,102.3333333,0.8742,445.6666667
1153,46.3332,92,0.875966667,436
1154,45.0456,79.66666667,0.884766667,136.6666667
1155,46.0632,104.3333333,0.89,429.6666667
1156,45.1128,93.66666667,0.893533333,299.3333333
1157,43.7832,79,0.893533333,169.6666667
1158,43.7688,100.3333333,0.89,230.3333333
1159,43.6764,101,0.89,190.3333333
1160,45.0804,101.3333333,0.89,326.6666667
1161,46.2528,101,0.89,347
1162,46.8084,104.3333333,0.89,243.6666667
1163,45.8472,75.66666667,0.891766667,115.3333333
1164,43.2036,55.33333333,0.904066667,4.333333333
1165,42.4644,95,0.9058,176.6666667
1166,42.9972,96.33333333,0.9058,323.3333333
1167,41.934,87,0.9058,129.3333333
1168,40.1664,79.66666667,0.902333333,29.66666667
1169,41.0892,92.33333333,0.8953,240
1170,42.4224,96,0.8953,337.6666667
1171,43.344,99,0.893533333,295.3333333
1172,44.8128,101,0.89,345
1173,44.8392,96.66666667,0.886533333,171
1174,43.4076,67,0.888266667,30.33333333
1175,42.4716,79.66666667,0.8848,104.3333333
1176,44.2848,100,0.8848,376
1177,45.3612,96,0.883033333,369.3333333
1178,44.2368,78.33333333,0.8795,143.6666667
1179,42.2136,57.66666667,0.8795,69.66666667
1180,41.832,86.33333333,0.8795,141
1181,41.4036,85,0.8795,264.6666667
1182,40.3512,77.66666667,0.875966667,168.3333333
1183,40.5384,91,0.868966667,198.3333333
1184,40.7916,91.66666667,0.8637,185.3333333
1185,41.4924,95,0.8637,212.6666667
1186,42.2964,96,0.8637,264.6666667
1187,42.6996,88,0.861933333,271
1188,41.9568,75.33333333,0.8584,232.3333333
1189,42.9852,96,0.8584,289.3333333
1190,42.606,91.66666667,0.8584,127.6666667
1191,43.9488,97.66666667,0.8584,322.3333333
1192,44.6328,96,0.860166667,304
1193,44.568,93,0.8637,189.3333333
1194,43.8936,80.33333333,0.865466667,83
1195,43.548,89.33333333,0.860166667,129.6666667
1196,42.9108,69.33333333,0.854933333,65.33333333
1197,41.8308,68.33333333,0.846133333,50.33333333
1198,42.2568,89.66666667,0.8426,153
1199,43.9608,93.33333333,0.839133333,333
1200,45.2376,96,0.8374,326.6666667
1201,47.2596,100.3333333,0.8374,482.6666667
1202,46.9356,92.66666667,0.8374,319
1203,46.668,78.33333333,0.8426,159.6666667
1204,44.6616,57,0.8479,12.33333333
1205,44.3088,88.66666667,0.846133333,190.6666667
1206,45.0024,96,0.846133333,290
1207,45.4272,94.33333333,0.840866667,251
1208,44.16,68.33333333,0.8374,97.33333333
1209,44.016,95.33333333,0.8426,173.6666667
1210,44.6304,96,0.844366667,233.6666667
1211,45.6996,96.33333333,0.844366667,330.3333333
1212,46.6476,100.6666667,0.8479,308.3333333
1213,47.2116,93,0.8479,282.6666667
1214,46.2192,77.33333333,0.8479,128.6666667
1215,43.9692,65,0.8479,85
1216,41.0028,47,0.840866667,55.33333333
1217,36.4908,35.33333333,0.8321,20.66666667
1218,34.638,54,0.818066667,3.666666667
1219,31.5456,49.66666667,0.811033333,18
1220,29.6832,45.66666667,0.797,33
1221,32.3628,83.66666667,0.7794,270.3333333
1222,35.6316,92.66666667,0.7742,420
1223,40.0932,102.3333333,0.7847,610.6666667
1224,43.3392,100.3333333,0.798733333,474
1225,43.6548,91.66666667,0.811033333,241.6666667
1226,43.7652,79.66666667,0.826833333,252
1227,43.1112,73,0.840866667,168.6666667
1228,41.6976,71.33333333,0.846133333,118
1229,42.5856,89.33333333,0.8479,228.6666667
1230,46.3428,96.66666667,0.851433333,597.3333333
1231,48.912,97,0.856666667,595
1232,48.6744,99.33333333,0.8637,470.6666667
1233,49.1484,97.66666667,0.867233333,290.3333333
1234,47.6508,76.33333333,0.877733333,56.33333333
1235,47.0808,85,0.8848,196.3333333
1236,47.1468,87.66666667,0.8848,203
1237,47.6652,96,0.8848,330.3333333
1238,48.7956,96,0.888266667,405.6666667
1239,49.494,96,0.89,323
1240,48.2592,70.66666667,0.893533333,79
1241,41.9436,64,0.898833333,74
1242,35.5956,35.66666667,0.898833333,58.33333333
1243,26.9916,41.33333333,0.8953,0
1244,19.632,43.66666667,0.891766667,0
1245,15.5196,37,0.886533333,1
1246,9.1284,31,0.875966667,9.333333333
1247,6.1296,26,0.867233333,25
1248,11.1084,26.66666667,0.8584,101.6666667
1249,20.2092,49,0.854933333,319.3333333
1250,27.6744,76.66666667,0.849666667,479.6666667
1251,31.3848,88.33333333,0.849666667,367
1252,37.224,102.3333333,0.8532,578
1253,42.5268,107.6666667,0.861933333,730
1254,44.694,110.6666667,0.870733333,548
1255,41.4528,75,0.884766667,325.3333333
1256,38.3652,58.33333333,0.893533333,35.33333333
1257,37.4916,95.33333333,0.891766667,205.6666667
1258,39.4188,102,0.89,356
1259,40.3992,92.66666667,0.888266667,234.3333333
1260,41.0604,94,0.8848,241.3333333
1261,42.696,97.33333333,0.881266667,372.3333333
1262,45.0084,102.3333333,0.886533333,443
1263,45.5424,99,0.893533333,335
1264,46.4148,99,0.897066667,231
1265,47.8968,105,0.9006,287.3333333
1266,46.3776,70.66666667,0.9058,153.3333333
1267,43.956,61,0.9058,46.33333333
1268,42.072,72.66666667,0.902333333,42.66666667
1269,42.0588,100.3333333,0.902333333,272.6666667
1270,43.8888,99.33333333,0.9006,380.3333333
1271,44.55,95.66666667,0.9006,279
1272,43.8072,92.33333333,0.9006,201.3333333
1273,44.8776,100,0.9006,310.3333333
1274,45.1368,100.3333333,0.902333333,251
1275,44.436,86,0.904066667,249.3333333
1276,43.7388,89,0.898833333,265.6666667
1277,45.0564,100.6666667,0.8953,353
1278,44.9664,88.66666667,0.898833333,217
1279,43.0596,65.66666667,0.897066667,12
1280,40.6116,52.66666667,0.893533333,31
1281,40.2696,85,0.888266667,162.3333333
1282,41.382,94.33333333,0.881266667,288
1283,42.132,96,0.8795,275.3333333
1284,41.772,96,0.875966667,175
1285,41.6448,96,0.8742,222.6666667
1286,42.5952,78.33333333,0.8742,246
1287,42.6852,90.66666667,0.8742,195
1288,44.088,101,0.8742,355.6666667
1289,45.8676,103,0.869,453.6666667
1290,46.8372,81.33333333,0.872466667,376
1291,43.7016,45,0.8742,82
1292,42.4788,90.66666667,0.870733333,147
1293,42.7056,91,0.869,272.6666667
1294,41.6652,69.33333333,0.869,70
1295,41.538,87,0.869,232.3333333
1296,42.1548,92.33333333,0.870733333,260.6666667
1297,41.4276,69.66666667,0.8742,80.66666667
1298,40.6284,90.33333333,0.870733333,74.66666667
1299,41.0916,92.33333333,0.869,241
1300,42.6732,97.33333333,0.869,362.6666667
1301,43.1148,98.66666667,0.865466667,225.6666667
1302,41.8356,75,0.8637,113
1303,41.526,95.66666667,0.8584,190.3333333
1304,42.4068,96,0.856666667,251.3333333
1305,44.4924,100,0.8584,369.6666667
1306,45.9312,94.33333333,0.856666667,392.3333333
1307,45.2436,88.66666667,0.8584,221.6666667
1308,44.6364,96,0.8584,162.6666667
1309,43.9956,87,0.8584,188.6666667
1310,42.7188,59.33333333,0.8584,127.6666667
1311,44.7012,93.33333333,0.854933333,203.6666667
1312,45.7656,96,0.8532,267.6666667
1313,44.5728,87.33333333,0.8479,148
1314,41.244,89,0.8479,169.6666667
1315,37.7736,62,0.8426,29
1316,36.6924,99.66666667,0.844366667,190
1317,37.2396,96,0.8374,241.6666667
1318,37.7436,96,0.8374,188.3333333
1319,38.4012,90,0.830333333,175.6666667
1320,39.8604,89.66666667,0.8268,281.3333333
1321,41.7492,95.33333333,0.828566667,403.6666667
1322,42.828,97,0.833866667,380.3333333
1323,45.648,102.3333333,0.839133333,518.3333333
1324,44.6424,87.33333333,0.844366667,79.33333333
1325,43.788,87,0.8479,114.6666667
1326,44.4396,87,0.8479,297
1327,44.3052,87,0.8479,237
1328,43.2012,84,0.851433333,113
1329,43.014,88.33333333,0.8532,185.3333333
1330,40.4784,65.33333333,0.8532,78.33333333
1331,40.344,90.66666667,0.8532,202.6666667
1332,41.7852,94,0.8532,322
1333,42.8748,97.33333333,0.8532,297
1334,41.3928,82,0.8532,135
1335,37.9956,51.33333333,0.851433333,44.33333333
1336,35.7084,40,0.846133333,0
1337,33.3636,37,0.839133333,0
1338,31.4232,34,0.8374,0
1339,30.0012,31,0.8286,0
1340,29.37,32,0.814533333,4
1341,27.918,41,0.804,7
1342,25.9536,50,0.796966667,10
1343,30.618,60.66666667,0.79,39.33333333
1344,35.1144,89.66666667,0.793466667,232.3333333
1345,35.1264,91,0.8005,301.3333333
1346,36.3924,93,0.8005,215
1347,36.5784,90,0.8005,111.3333333
1348,36.5448,95.66666667,0.802266667,127.6666667
1349,38.16,98,0.8005,281
1350,40.5864,103,0.802266667,364.6666667
1351,42.1536,99,0.812766667,321
1352,43.5996,98.33333333,0.818066667,428
1353,45.1176,97.33333333,0.826833333,446.3333333
1354,46.1124,103.3333333,0.8374,269.6666667
1355,47.0628,104.6666667,0.842633333,338
1356,47.07,98.66666667,0.856666667,314
1357,46.3188,94.66666667,0.860166667,150.3333333
1358,46.8816,101,0.872466667,257.3333333
1359,46.818,101,0.877733333,277.6666667
1360,46.2852,94,0.8848,336
1361,44.8248,65.33333333,0.8848,147.6666667
1362,44.5356,90,0.8848,135.6666667
1363,45.282,103,0.8848,249.3333333
1364,44.1432,95,0.888266667,196.3333333
1365,41.6868,106.6666667,0.888266667,238.3333333
1366,38.5776,104.3333333,0.8848,337
1367,36.594,106.6666667,0.8848,327.6666667
1368,35.2548,104,0.886533333,288.6666667
1369,33.3492,97.66666667,0.89,325
1370,32.6424,96,0.89,320.3333333
1371,34.3692,91.66666667,0.89,189
1372,39.2424,97,0.891766667,150.3333333
1373,44.1384,96.33333333,0.8953,131
1374,48.84,96.66666667,0.8953,199.6666667
1375,52.5552,103.3333333,0.897066667,359.6666667
1376,54.3168,106,0.897066667,437
1377,52.974,84,0.902333333,298.6666667
1378,51.0492,91,0.8953,81
1379,50.5164,101,0.893533333,206.3333333
1380,49.596,80,0.891766667,274.3333333
1381,47.4948,71.33333333,0.8953,233
1382,47.0844,93.66666667,0.89,119.6666667
1383,46.9212,101,0.886533333,255.6666667
1384,46.2168,97.66666667,0.8795,202.3333333
1385,45.1128,87.66666667,0.8795,104.6666667
1386,45.4692,102.6666667,0.8795,283.3333333
1387,44.6184,85.33333333,0.8848,174.6666667
1388,43.6092,71.66666667,0.8795,17.66666667
1389,44.1228,93.66666667,0.8742,171
1390,43.2276,70.33333333,0.8742,22.66666667
1391,42.7512,91,0.872466667,67.33333333
1392,42.8856,90,0.865466667,130
1393,42.432,67,0.8584,91
1394,41.9604,81.33333333,0.849666667,85.66666667
1395,42.0108,90.66666667,0.8374,187.6666667
1396,41.6964,89.33333333,0.8374,287
1397,41.4516,87.33333333,0.8374,326
1398,42.1716,90.66666667,0.840866667,317.3333333
1399,43.1532,91,0.846133333,237.3333333
1400,44.9844,93,0.8532,222.3333333
1401,45.0264,89.33333333,0.8532,237.3333333
1402,43.782,79.66666667,0.8584,66
1403,42.3108,93,0.8584,272.6666667
1404,38.4048,89,0.8584,320.3333333
1405,34.1592,97,0.861933333,234.6666667
1406,31.5372,93,0.865466667,426.6666667
1407,28.8696,95.66666667,0.869,337
1408,27.9852,91.66666667,0.877733333,444.6666667
1409,25.9212,93.66666667,0.883033333,452
1410,24.1668,93.66666667,0.89,420.3333333
1411,24.0132,101,0.89,436.6666667
1412,22.6104,98,0.897066667,391.6666667
1413,19.698,79,0.9006,420.6666667
1414,18.4212,71,0.9058,502.3333333
1415,17.9292,68.33333333,0.912866667,563.3333333
1416,18.6792,69.66666667,0.919866667,569
1417,19.494,78.66666667,0.9269,559.3333333
1418,18.5208,87,0.9322,469.6666667
1419,18.4152,86.66666667,0.9374,530.6666667
1420,17.868,87.33333333,0.940933333,520.6666667
1421,16.6848,89.33333333,0.946233333,453.6666667
1422,16.7316,90,0.9427,473
1423,16.5156,88,0.9427,458.6666667
1424,16.428,87,0.9427,455
1425,16.3116,88.33333333,0.944466667,445.3333333
1426,15.2184,82,0.948,376.3333333
1427,14.808,79.66666667,0.948,370
1428,15.9204,81,0.9532,337
1429,17.7192,95,0.951466667,415.6666667
1430,19.8732,91,0.948,325.6666667
1431,21.564,99.66666667,0.948,313.6666667
1432,21.8916,91.33333333,0.948,282.6666667
1433,23.4252,96,0.948,342.3333333
1434,24.4164,92.66666667,0.9532,338.3333333
1435,26.508,100,0.9532,417.6666667
1436,27.5868,101.3333333,0.9585,321
1437,28.794,96,0.962033333,280
1438,29.2632,96.33333333,0.960266667,315.6666667
1439,30.6936,100.3333333,0.960266667,454
1440,31.776,106,0.9638,447.6666667
1441,31.0284,104.3333333,0.969,346.6666667
1442,30.45,101,0.969,330.6666667
1443,30.408,101,0.969,376
1444,29.9448,99.33333333,0.969,315
1445,29.6796,96,0.967266667,307
1446,29.5476,96,0.969,296.6666667
1447,29.2692,96,0.969,268.6666667
1448,29.4432,96,0.969,243.3333333
1449,30.1128,100,0.969,243.6666667
1450,30.5292,100.6666667,0.969,224.6666667
1451,30.8628,91,0.9638,169
1452,32.778,92.33333333,0.9638,228
1453,35.64,101,0.9638,247
1454,37.3056,97,0.9585,130.3333333
1455,38.9952,88,0.9585,130.3333333
1456,40.986,83.33333333,0.956733333,62.33333333
1457,42.7524,91.33333333,0.9532,149.3333333
1458,42.3948,93.33333333,0.9532,108.6666667
1459,42.03,97,0.951466667,215
1460,40.1952,93,0.946233333,187.6666667
1461,39.1884,89,0.939166667,194.3333333
1462,38.3916,87,0.933933333,211.3333333
1463,38.7756,90,0.930433333,244.3333333
1464,39.54,101,0.925133333,298.6666667
1465,41.2488,98.66666667,0.919866667,281.6666667
1466,43.5744,98.33333333,0.9164,254.3333333
1467,45.1872,97.66666667,0.912866667,210.3333333
1468,46.3716,98.33333333,0.9111,251
1469,48.1308,102,0.9164,315.3333333
1470,49.626,106,0.9164,349.6666667
1471,49.59,100.3333333,0.918133333,256.6666667
1472,49.2876,96,0.9164,238
1473,48.8772,96,0.9164,239.3333333
1474,48.0492,96,0.9164,233.6666667
1475,47.838,96,0.9111,250.3333333
1476,47.9988,98.66666667,0.9111,239
1477,47.4792,101,0.9111,227.3333333
1478,47.2092,101,0.9111,227.6666667
1479,46.6656,101,0.9058,224.6666667
1480,46.8684,101,0.9058,257.6666667
1481,46.6932,102.6666667,0.9006,225
1482,46.5816,101,0.902333333,243.6666667
1483,46.6488,101,0.9006,260
1484,45.5616,104.3333333,0.9006,272.6666667
1485,42.3912,100.3333333,0.9006,304.6666667
1486,39.8004,105.3333333,0.8953,430.3333333
1487,37.278,99,0.9006,406.6666667
1488,35.3664,97.66666667,0.9006,407.3333333
1489,33.7656,99.33333333,0.902333333,412.3333333
1490,31.8924,103.6666667,0.9058,326
1491,30.5976,100.6666667,0.9058,348.6666667
1492,30.4716,96.66666667,0.9111,366.3333333
1493,30.582,96,0.9111,370.3333333
1494,30.4632,96,0.912866667,356.3333333
1495,30.594,96.66666667,0.9164,343.6666667
1496,30.5508,96,0.9164,336
1497,30.522,96,0.9164,344.6666667
1498,30.5976,96,0.9216,323.3333333
1499,30.3636,96,0.919866667,297.3333333
1500,30.6552,97,0.9216,292
1501,31.3152,101,0.9216,316
1502,31.8216,92,0.9216,294.6666667
1503,32.1792,91,0.923366667,298
1504,31.3872,91,0.925133333,263
1505,30.9684,91,0.930433333,295.6666667
1506,30.8856,99,0.9269,294.6666667
1507,30.516,101,0.9269,315
1508,29.5956,97.33333333,0.9269,314
1509,29.532,96,0.928666667,345.6666667
1510,27.8964,98,0.9322,328
1511,25.9512,95.66666667,0.933933333,322.6666667
1512,24.9732,91,0.9374,393.6666667
1513,24.5952,91,0.9374,395
1514,23.4528,87.66666667,0.9374,375.6666667
1515,23.1816,89,0.940933333,392.3333333
1516,23.5224,97.66666667,0.9427,356
1517,22.8288,96,0.9427,343
1518,22.8012,95.66666667,0.944466667,352
1519,22.5744,92.66666667,0.944466667,368.6666667
1520,23.6268,96.66666667,0.944466667,422
1521,24.3,94.66666667,0.948,382.6666667
1522,24.3048,90.33333333,0.948,351.6666667
1523,24.5388,88.66666667,0.948,322.3333333
1524,25.4916,92,0.949733333,335.3333333
1525,26.0268,92.33333333,0.9532,281.3333333
1526,29.22,92.66666667,0.951466667,380
1527,30.954,90.66666667,0.9532,199
1528,33.3216,92.33333333,0.9532,197.3333333
1529,35.622,91,0.949733333,159.6666667
1530,38.5128,97,0.948,194.3333333
1531,40.9812,92.33333333,0.949733333,163
1532,42.0036,95.66666667,0.949733333,119.6666667
1533,42.336,96,0.948,125.6666667
1534,41.3832,98.33333333,0.946233333,160
1535,40.0428,92.66666667,0.9427,214
1536,37.3872,99,0.940933333,229.3333333
1537,34.5384,100.6666667,0.9374,283
1538,32.748,96,0.9374,316
1539,31.4964,92.66666667,0.9374,342
1540,30.4548,98.33333333,0.9374,336
1541,29.7708,96,0.9322,337.6666667
1542,28.0848,91.33333333,0.9374,335
1543,26.8116,97.33333333,0.9374,402.6666667
1544,27.978,101,0.9374,560.6666667
1545,27.2388,101,0.9374,360.3333333
1546,25.2168,103.3333333,0.9374,338
1547,25.8612,106.6666667,0.9374,448.6666667
1548,24.57,90.33333333,0.939166667,340.6666667
1549,25.8024,81.33333333,0.940933333,483.6666667
1550,24.414,88.66666667,0.944466667,330
1551,24.3108,100.6666667,0.948,376.3333333
1552,23.178,96.33333333,0.948,300.3333333
1553,22.3632,92.66666667,0.948,289.6666667
1554,21.6708,89.66666667,0.948,291.6666667
1555,22.0416,91,0.948,327.6666667
1556,21.6528,89.66666667,0.946233333,285.3333333
1557,20.8428,87,0.948,272
1558,20.874,87,0.948,326.6666667
1559,21.0972,87,0.944466667,292
1560,21.1416,87,0.948,267.6666667
1561,20.7636,87,0.948,284.6666667
1562,20.9016,87,0.948,294.6666667
1563,21.2664,87,0.948,332.3333333
1564,20.6976,87,0.949733333,274.3333333
1565,20.7072,85.66666667,0.946233333,299
1566,20.7288,86,0.948,269.3333333
1567,20.9232,87,0.948,267.3333333
1568,20.6616,92.33333333,0.948,192.6666667
1569,21.4512,93,0.944466667,265
1570,22.1136,91.66666667,0.946233333,274.3333333
1571,22.7304,96,0.9427,228.3333333
1572,23.3544,96,0.9427,219.3333333
1573,24.6336,91.33333333,0.9427,250
1574,25.7652,95.66666667,0.9427,239
1575,26.256,87,0.9374,209.6666667
1576,26.4084,87,0.935666667,196.3333333
1577,26.1696,87,0.933933333,187
1578,25.578,87.66666667,0.933933333,145
1579,25.6488,90.33333333,0.9322,178.6666667
1580,27.3888,89.66666667,0.9269,365.6666667
1581,25.824,90,0.923366667,174.3333333
1582,24.6072,92.66666667,0.9216,204
1583,23.8956,89.66666667,0.9164,232.3333333
1584,23.9364,91,0.9164,322.3333333
1585,23.8488,91,0.918133333,396.6666667
1586,23.9268,88.66666667,0.919866667,406.6666667
1587,24.414,91,0.9164,415.3333333
1588,24.4284,91,0.9164,413.3333333
1589,24.51,91,0.918133333,413.6666667
1590,23.3724,88.33333333,0.919866667,288
1591,22.8,92,0.9216,268
1592,22.7016,96,0.9269,325.6666667
1593,21.8292,91,0.925133333,248
1594,22.4004,92.33333333,0.923366667,308.3333333
1595,23.3904,96,0.9269,362.3333333
1596,24.1824,90.33333333,0.9269,293.3333333
1597,26.3916,98.33333333,0.9269,408.6666667
1598,25.872,89,0.9269,260.6666667
1599,26.6916,90,0.9269,292.3333333
1600,26.7516,89.66666667,0.928666667,256
1601,27.4092,90,0.9269,274.3333333
1602,27.7824,91,0.9322,269.3333333
1603,28.6476,94.33333333,0.930433333,271
1604,30.078,98,0.9322,255
1605,31.824,97.66666667,0.9322,294
1606,32.4924,94.33333333,0.9374,187.6666667
1607,32.7852,67.66666667,0.9374,46
1608,33.6816,62.66666667,0.935666667,44
1609,33.9936,53,0.928666667,31
1610,31.0272,43.66666667,0.923366667,19
1611,23.1156,40,0.919866667,6.666666667
1612,11.4288,45.66666667,0.9111,1.666666667
1613,7.6236,33.66666667,0.8795,4
1614,14.8824,51,0.8637,55
1615,20.8668,69.33333333,0.8584,89.66666667
1616,24.7596,75,0.856666667,127.3333333
1617,30.6828,90.66666667,0.8479,242.3333333
1618,34.4688,97.66666667,0.844366667,316.6666667
1619,34.6368,101,0.846133333,387.3333333
1620,34.1244,101,0.844366667,294.3333333
1621,33.4344,97.66666667,0.8479,241.6666667
1622,33.0984,95.66666667,0.8479,219.3333333
1623,33.5484,89.33333333,0.8479,264.6666667
1624,37.11,94.33333333,0.8426,478.3333333
1625,37.7472,71.66666667,0.846133333,230.6666667
1626,36.7008,73.66666667,0.8479,121.6666667
1627,36.246,80.66666667,0.856666667,79.66666667
1628,36.2472,84.66666667,0.8532,94.33333333
1629,37.1172,84.33333333,0.851433333,91.33333333
1630,38.1804,87,0.8479,166
1631,39.4524,89.33333333,0.844366667,168.3333333
1632,40.7388,92.33333333,0.840866667,186
1633,40.9488,92,0.835633333,185.6666667
1634,41.9364,96,0.8321,244
1635,43.3452,90.33333333,0.8321,187
1636,42.6528,61,0.8321,39.66666667
1637,41.1096,78,0.8268,78.33333333
1638,40.71,74.33333333,0.8268,180.6666667
1639,41.7132,81,0.823333333,200.6666667
1640,42.2856,83,0.8216,141
1641,41.5056,77.66666667,0.8216,115
1642,36.9,60.33333333,0.811033333,112
1643,35.8668,54.66666667,0.798733333,87.33333333
1644,35.9784,51.66666667,0.782933333,102.6666667
1645,40.944,78.33333333,0.7847,473.3333333
1646,43.1736,75.66666667,0.786466667,379.3333333
1647,43.83,58.66666667,0.788233333,230.3333333
1648,42.894,42.33333333,0.7794,96.66666667
1649,42.546,39.33333333,0.7742,2
1650,38.862,41.33333333,0.7742,5
1651,37.926,51.66666667,0.7689,23.66666667
1652,37.158,28.33333333,0.756633333,8.666666667
1653,33.5436,36.33333333,0.7461,0
1654,21.0852,30.33333333,0.735533333,0
1655,11.4504,32.33333333,0.725,38
1656,16.8864,63,0.7162,177
1657,23.286,77.33333333,0.7162,232.3333333
1658,28.2744,87,0.723266667,315.3333333
1659,31.4376,91.66666667,0.733766667,390
1660,33.6444,94.66666667,0.7426,282.6666667
1661,34.3032,70.33333333,0.7531,216
1662,35.1516,86,0.761866667,301.3333333
1663,35.1276,86.33333333,0.7689,161.6666667
1664,31.6824,43.33333333,0.7689,70.33333333
1665,28.0344,26,0.7742,0
1666,23.5524,38.66666667,0.777666667,78.33333333
1667,31.086,67.33333333,0.781166667,420.3333333
1668,37.668,81.33333333,0.789966667,588
1669,40.0008,96.66666667,0.796966667,347
1670,40.7448,103.3333333,0.8058,309
1671,40.188,93,0.8198,223
1672,38.9856,101,0.8321,243.3333333
1673,38.5164,101,0.842633333,339.6666667
1674,38.2008,100.6666667,0.849666667,347.6666667
1675,38.6328,100.6666667,0.8532,315
1676,39.6252,93,0.858433333,124
1677,39.6756,93.66666667,0.865466667,71.33333333
1678,40.0128,91,0.869,192
1679,39.6756,93.66666667,0.8742,247.3333333
1680,39.12,100.6666667,0.8742,313.6666667
1681,36.7512,98,0.8742,312.6666667
1682,34.3488,100.6666667,0.869,368.6666667
1683,31.746,95.33333333,0.8742,411
1684,29.1,105,0.8742,372.6666667
1685,27.8616,93.66666667,0.8742,431
1686,28.1868,89.66666667,0.8795,445
1687,29.6088,93.66666667,0.881266667,404.6666667
1688,31.5576,99.33333333,0.8918,355.6666667
1689,31.8312,100.3333333,0.897066667,200.6666667
1690,33.0288,96,0.9006,212.6666667
1691,34.4784,99,0.898833333,257.6666667
1692,35.9892,104,0.897066667,254.3333333
1693,36.5916,100,0.9006,237.6666667
1694,36.3348,96,0.902333333,208.6666667
1695,37.338,96,0.902333333,241
1696,37.0176,96,0.9006,198.6666667
1697,37.0296,93.66666667,0.902333333,171
1698,35.9808,80,0.9058,71
1699,35.898,86,0.9058,95.33333333
1700,36.1644,66.33333333,0.904066667,75
1701,37.3788,52.33333333,0.898833333,55
1702,38.6652,55.66666667,0.893533333,21.66666667
1703,40.0092,83.66666667,0.8848,81.33333333
1704,41.3436,87,0.883033333,134.6666667
1705,42.4824,87.33333333,0.8795,148
1706,44.1948,87.66666667,0.875966667,161.6666667
1707,44.6316,80,0.872466667,131.3333333
1708,44.2584,58.66666667,0.8637,57
1709,44.0124,67.33333333,0.858433333,72.33333333
1710,44.4204,87,0.849666667,224
1711,43.4688,87,0.846133333,233
1712,43.0932,86.66666667,0.840866667,232.6666667
1713,43.0104,84.66666667,0.8374,232
1714,43.7244,87.33333333,0.8374,219
1715,47.7612,90.66666667,0.8374,167
1716,50.6652,82.33333333,0.8374,91.33333333
1717,53.4588,67,0.833866667,64.66666667
1718,55.8948,51,0.830333333,55
1719,56.7852,56.33333333,0.802266667,81.66666667
1720,55.8192,66,0.760133333,8.666666667
1721,50.8428,94.33333333,0.761866667,155.6666667
1722,42.9108,94,0.765366667,347.3333333
1723,35.628,94.66666667,0.7812,266.3333333
1724,26.9172,72.33333333,0.7952,237.3333333
1725,27.1008,80.33333333,0.7952,518
1726,32.0256,101.3333333,0.796966667,729.6666667
1727,32.6136,108.3333333,0.811033333,429
1728,33.8844,107,0.823333333,444.3333333
1729,34.3872,102,0.830333333,395.3333333
1730,34.7244,101,0.8391,379
1731,34.6836,101,0.8479,324.3333333
1732,34.38,101,0.8532,353.3333333
1733,34.1328,101,0.860166667,368
1734,35.0196,101,0.8672,393.6666667
1735,35.94,104,0.875966667,331.3333333
1736,36.0924,92.33333333,0.884766667,262.6666667
1737,36.45,96,0.89,303.6666667
1738,36.5268,96,0.893533333,246.6666667
1739,36.42,96,0.897066667,229.3333333
1740,37.2936,88.33333333,0.9006,128.6666667
1741,38.5104,100.6666667,0.9006,202.6666667
1742,38.3388,101,0.9006,237.3333333
1743,37.5828,97,0.9058,369.6666667
1744,36.5916,96,0.9006,395.3333333
1745,36.192,95,0.904066667,400.6666667
1746,35.9268,91,0.9058,396.6666667
1747,34.4364,92,0.9058,277
1748,31.8492,85.66666667,0.9058,123.3333333
1749,31.068,91,0.904066667,177
1750,31.1676,91,0.9058,199.6666667
1751,31.8252,91,0.9058,162.6666667
1752,32.19,76.66666667,0.9058,51.66666667
1753,32.4576,65,0.904066667,3
1754,32.7504,57.33333333,0.9006,11.66666667
1755,33.3156,51,0.9006,24
1756,33.9432,72.33333333,0.9006,97.66666667
1757,34.2156,76.33333333,0.891766667,115
1758,35.1168,82,0.881266667,64
1759,36.7848,78.66666667,0.872466667,72.33333333
1760,37.998,80.33333333,0.865466667,103.3333333
1761,40.3848,85,0.856666667,198.3333333
1762,43.3968,86.66666667,0.8532,182.6666667
1763,48.1536,92,0.8532,250.6666667
1764,52.7196,90.66666667,0.860166667,188
1765,57.4368,62.33333333,0.8637,145
1766,61.9368,93,0.8637,137.3333333
1767,64.2744,83.66666667,0.8637,129
1768,62.9964,74,0.842633333,119
1769,61.1592,64.33333333,0.823333333,109
1770,62.6904,86.33333333,0.819833333,287.6666667
1771,66.5292,109.6666667,0.8163,763
1772,68.172,93.66666667,0.8286,707
1773,67.5768,84.66666667,0.844366667,618
1774,67.2624,80,0.844366667,364
1775,65.214,111,0.851433333,369.3333333
1776,60.9744,110.6666667,0.854933333,497.6666667
1777,56.9676,104.3333333,0.861933333,395
1778,53.6052,101.6666667,0.8707,226.6666667
1779,54.0984,100.6666667,0.875966667,336
1780,52.5816,54.33333333,0.8795,58.66666667
1781,48.9216,43.66666667,0.8848,16.33333333
1782,45.1308,91.33333333,0.883033333,120.3333333
1783,41.694,89,0.8795,156.3333333
1784,40.1904,91,0.8795,196
1785,39.0888,92.33333333,0.8742,176.3333333
1786,38.2932,101,0.872466667,196.3333333
1787,37.9056,87.66666667,0.869,164.6666667
1788,37.302,86,0.8637,150.6666667
1789,36.8304,83,0.8584,232.6666667
1790,39.27,87.66666667,0.8584,526.6666667
1791,39.0276,79,0.8532,178.6666667
1792,38.6736,94.33333333,0.8584,135
1793,38.784,94,0.860166667,170
1794,37.9452,78.33333333,0.8637,108
1795,37.9932,86.66666667,0.8584,197.6666667
1796,38.742,87,0.8584,227.6666667
1797,39.1896,91,0.8584,187.6666667
1798,39.3552,90.66666667,0.856666667,165.3333333
1799,39.0792,84,0.8532,100.6666667
1800,38.1468,68.33333333,0.8532,56
1801,37.3956,59.66666667,0.846133333,80.66666667
1802,38.3292,97,0.8426,254
1803,37.7856,88.66666667,0.8426,88.33333333
1804,36.0036,75,0.8426,70.33333333
1805,35.3136,91,0.840866667,144
1806,34.8264,89,0.8374,129
1807,32.5152,75,0.835633333,92.33333333
1808,28.1448,60,0.814566667,69.33333333
1809,22.9248,45,0.795233333,46.66666667
1810,16.7508,48.66666667,0.781166667,11.33333333
1811,12.1512,49.66666667,0.770666667,0
1812,8.4312,38,0.7636,7.333333333
1813,7.1544,34.66666667,0.754866667,32.33333333
1814,8.0172,38.33333333,0.739066667,63
1815,12.1212,54.66666667,0.7215,149.6666667
1816,17.3796,76.66666667,0.726766667,345.6666667
1817,19.2684,86.66666667,0.7443,243
1818,21.9252,92.33333333,0.754866667,264.3333333
1819,22.2576,71.66666667,0.767133333,69
1820,23.5608,82.33333333,0.770666667,75.33333333
1821,28.1172,87.66666667,0.7742,260.3333333
1822,29.9184,79.66666667,0.7742,144.3333333
1823,31.02,79.33333333,0.7742,91.33333333
1824,32.8992,84.33333333,0.770666667,138.3333333
1825,33.2616,87,0.7689,137
1826,32.9328,83.33333333,0.7636,119.3333333
1827,33.1236,87,0.7636,190.6666667
1828,33.0648,86.66666667,0.761866667,166.6666667
1829,33.522,87,0.7584,161.3333333
1830,33.8568,83,0.7584,143.6666667
1831,32.5428,67.66666667,0.7531,117.6666667
1832,30.9684,56.66666667,0.7531,99
1833,29.5116,45.66666667,0.7531,80
1834,29.1936,56,0.744333333,89.33333333
1835,31.5948,79.33333333,0.7426,270.6666667
1836,30.9828,75,0.746066667,190.6666667
1837,29.3952,56,0.754866667,85.66666667
1838,28.4292,46,0.7531,55.66666667
1839,27.3492,61.66666667,0.7531,10.66666667
1840,25.14,46,0.747833333,2
1841,23.5368,62,0.725,0
1842,21.2124,38.33333333,0.710966667,0
1843,14.6472,37.66666667,0.696933333,1.333333333
1844,12.0456,39,0.6899,14
1845,10.386,50,0.693433333,44.33333333
1846,10.206,54.33333333,0.6899,81.66666667
1847,7.212,33.33333333,0.6618,21
1848,9.3816,27,0.6109,32
1849,13.32,53,0.6232,83
1850,15.9648,61.33333333,0.637233333,170.6666667
1851,19.0032,78.33333333,0.647766667,243.3333333
1852,22.4916,86,0.663566667,237
1853,25.5096,86,0.672333333,245.3333333
1854,27.0888,85.66666667,0.681133333,218.6666667
1855,28.17,89.33333333,0.695166667,194.3333333
1856,28.9788,86,0.707466667,154
1857,30.2592,85.66666667,0.7215,205.6666667
1858,32.34,92,0.730266667,268.3333333
1859,33.0036,87.33333333,0.733766667,134.3333333
1860,33.2748,87,0.740833333,154.3333333
1861,33.72,85.66666667,0.7478,191.3333333
1862,33.7236,78,0.751333333,127
1863,33.8316,77,0.760133333,152
1864,34.4016,79.33333333,0.7636,120.6666667
1865,36.6372,93.33333333,0.7636,315.6666667
1866,37.452,82.33333333,0.7636,142.3333333
1867,37.4736,86.33333333,0.7636,119
1868,37.9464,87,0.7636,198.3333333
1869,38.2428,87,0.765366667,197
1870,38.8092,87,0.7689,196.3333333
1871,39.3084,91,0.772433333,190.3333333
1872,40.2216,91,0.7742,234.3333333
1873,40.3788,91,0.7742,234.6666667
1874,41.07,93.33333333,0.775933333,239.3333333
1875,40.938,87,0.7794,110.6666667
1876,40.9872,94.33333333,0.782933333,161.6666667
1877,40.5108,88.66666667,0.7847,144.3333333
1878,38.8524,55,0.786466667,7.333333333
1879,38.3328,77,0.7847,76.33333333
1880,39.1056,83,0.7847,185.3333333
1881,40.2924,90,0.7794,233
1882,41.124,95,0.7742,211
1883,40.7616,83.66666667,0.7742,148.3333333
1884,40.9116,92,0.7794,239.6666667
1885,43.0788,90.33333333,0.782933333,272.3333333
1886,44.7456,93.66666667,0.788233333,140.3333333
1887,45.3732,95.66666667,0.791733333,164.6666667
1888,44.4096,81,0.796966667,112.3333333
1889,42.1188,86,0.8005,72.33333333
1890,41.0532,87,0.798733333,151.3333333
1891,40.3896,80.33333333,0.7952,106.3333333
1892,40.9992,78.66666667,0.7952,203.3333333
1893,42.5256,91,0.79,288.3333333
1894,43.8276,92,0.7847,287
1895,45.456,96,0.7847,433.3333333
1896,46.356,96,0.791733333,395
1897,46.854,91,0.8005,324.3333333
1898,46.9008,91,0.812766667,272.3333333
1899,46.14,78.66666667,0.818066667,174.6666667
1900,43.9752,47,0.8268,109.3333333
1901,41.6496,35.66666667,0.8216,54
1902,40.3224,59.33333333,0.818066667,36
1903,41.7132,86.66666667,0.812766667,273.6666667
1904,43.536,91.66666667,0.809266667,353.6666667
1905,44.394,94.33333333,0.809266667,290.3333333
1906,43.4904,66.66666667,0.811,72.66666667
1907,42.5928,78.33333333,0.811,49
1908,43.9272,87,0.811,278
1909,45.0624,88.33333333,0.812766667,291
1910,46.1568,91,0.8163,306.3333333
1911,45.2556,72,0.8163,129
1912,43.0728,53,0.8163,4
1913,41.9592,74.33333333,0.809266667,76
1914,41.7036,87.33333333,0.804033333,139.3333333
1915,42.9564,91,0.8005,365
1916,43.1436,91.66666667,0.802266667,307.3333333
1917,45.5028,94,0.8058,270.6666667
1918,46.3464,94.33333333,0.807533333,313
1919,45.318,82.66666667,0.811,69.66666667
1920,44.4672,92.66666667,0.811,51.66666667
1921,42.882,66.66666667,0.814533333,33
1922,41.3364,78.33333333,0.811,27
1923,41.7516,87.33333333,0.807533333,198
1924,43.7268,91.33333333,0.802266667,350.6666667
1925,44.8008,96,0.8005,321.6666667
1926,44.838,96,0.8005,231.6666667
1927,43.3824,67.66666667,0.8058,120.3333333
1928,41.3412,59,0.809266667,43.66666667
1929,41.7492,81.33333333,0.8058,159
1930,41.9652,73.66666667,0.802266667,249
1931,41.1576,89.66666667,0.796966667,81
1932,42.3756,96,0.7952,277
1933,42.9504,97.66666667,0.796966667,255
1934,43.6908,68.66666667,0.8005,252.6666667
1935,42.5352,68,0.798733333,56
1936,42.4704,96,0.7952,193.3333333
1937,44.2488,101,0.796966667,354
1938,44.7984,96,0.804033333,329.6666667
1939,44.6484,92.66666667,0.807533333,170.3333333
1940,42.7164,69.33333333,0.812766667,81.33333333
1941,39.7044,64.66666667,0.811,69
1942,35.382,59.66666667,0.8005,56
1943,30.1704,55,0.782933333,43.66666667
1944,27.1164,50.33333333,0.772433333,31
1945,25.59,45.33333333,0.767133333,18.33333333
1946,22.6872,41.33333333,0.754833333,14.33333333
1947,23.3388,65,0.7373,81.33333333
1948,25.0536,69,0.728533333,185.6666667
1949,21.222,49,0.7373,80
1950,16.7016,54,0.730266667,0.333333333
1951,12.6756,48.33333333,0.716233333,1
1952,5.5872,43,0.695166667,1.666666667
1953,3.954,37,0.691666667,2
1954,3.6216,29,0.696933333,3
1955,5.5356,23.33333333,0.709233333,17.33333333
1956,14.6124,44.33333333,0.711,147
1957,22.3896,86,0.7145,411
1958,29.1432,102,0.7268,467
1959,32.5488,103.3333333,0.747833333,342.6666667
1960,36.8628,104.3333333,0.770666667,424.3333333
1961,41.5644,105,0.782933333,571.3333333
1962,44.3052,101,0.804033333,466
1963,45.1452,100,0.8163,323
1964,44.3364,90.66666667,0.8268,149.3333333
1965,44.3508,99.33333333,0.835633333,212.3333333
1966,45.444,96,0.840866667,310.3333333
1967,46.6788,100,0.844366667,329.6666667
1968,46.7736,77.66666667,0.846133333,201.3333333
1969,44.6832,48,0.8479,65
1970,41.8728,35.33333333,0.8532,23.33333333
1971,38.0412,42.66666667,0.8479,1.333333333
1972,35.4084,53.66666667,0.840866667,13.66666667
1973,33.54,67.33333333,0.8321,19.33333333
1974,32.8884,64.66666667,0.825066667,26.66666667
1975,36.3732,81.33333333,0.818066667,422.6666667
1976,40.6308,90.33333333,0.8163,533
1977,42.6432,96.33333333,0.818066667,444.3333333
1978,43.1496,96,0.8216,298.6666667
1979,44.7576,102,0.8268,406.3333333
1980,46.116,105.3333333,0.830333333,431.6666667
1981,46.7784,101,0.840866667,385
1982,47.634,101,0.8479,359
1983,48.7488,92.33333333,0.856666667,389
1984,48.5904,97.33333333,0.8637,158
1985,49.5708,107,0.865466667,391
1986,50.4972,106.6666667,0.867233333,399.3333333
1987,50.352,99.33333333,0.872466667,297.3333333
1988,48.2544,68.33333333,0.8742,82
1989,47.8044,85.33333333,0.8742,167.6666667
1990,47.2116,97,0.870733333,202
1991,47.058,101,0.872466667,222.3333333
1992,47.7948,100,0.870733333,350.6666667
1993,46.9992,87.66666667,0.870733333,135.6666667
1994,47.2308,101,0.8742,302
1995,45.9648,80.66666667,0.8742,108.6666667
1996,46.092,95.33333333,0.8742,211
1997,47.4816,101,0.8742,367.3333333
1998,49.758,103.6666667,0.8742,507.6666667
1999,49.1568,76,0.877733333,392
2000,49.3212,91.66666667,0.8795,166.6666667
2001,49.89,97.66666667,0.8795,337
2002,50.49,96.66666667,0.881266667,334