,step,actual,predicted,,step,power,,,step,,actual,predicted
0,1,2.0125,1.754,,0,2.075,,,1,1,2.0125,1.7540
1,2,1.9125,1.8885,,1,2.0125,,,2,1,1.9125,1.8885
2,3,1.8375,1.920875,,2,1.9125,,,3,1,1.8375,1.9209
3,4,1.825,1.7265,,3,1.8375,,,4,2,1.8250,1.7470
4,4,1.825,1.7675,,4,1.825,,,5,1,1.8000,1.6439
5,5,1.8,1.643875,,5,1.8,,,6,2,1.6875,1.6586
6,6,1.6875,1.702,,6,1.6875,,,7,3,1.5625,1.7185
7,6,1.6875,1.615125,,7,1.5625,,,9,2,1.4875,1.4739
8,7,1.5625,1.71375,,8,1.525,,,10,2,1.4625,1.4139
9,7,1.5625,1.72975,,9,1.4875,,,11,1,1.4375,1.4151
10,7,1.5625,1.712125,,10,1.4625,,,12,1,1.4000,1.3815
11,9,1.4875,1.464,,11,1.4375,,,14,2,1.3500,1.6296
12,9,1.4875,1.48375,,12,1.4,,,16,1,1.7625,1.4491
13,10,1.4625,1.410375,,13,1.35,,,17,1,1.4125,1.5229
14,10,1.4625,1.417375,,14,1.35,,,18,1,1.2500,1.4696
15,11,1.4375,1.415125,,15,1.6125,,,20,1,1.5375,1.4186
16,12,1.4,1.3815,,16,1.7625,,,21,1,1.4875,1.5217
17,14,1.35,1.637125,,17,1.4125,,,22,2,1.4125,1.4578
18,14,1.35,1.622125,,18,1.25,,,23,2,1.3750,1.3765
19,16,1.7625,1.449125,,19,1.3,,,24,1,1.3250,1.3795
20,17,1.4125,1.522875,,20,1.5375,,,25,1,1.2750,1.3533
21,18,1.25,1.469625,,21,1.4875,,,26,3,1.2750,1.3773
22,20,1.5375,1.418625,,22,1.4125,,,27,2,1.3125,1.3281
23,21,1.4875,1.52175,,23,1.375,,,29,2,1.3125,1.3101
24,22,1.4125,1.461125,,24,1.325,,,30,3,1.2750,1.2820
25,22,1.4125,1.4545,,25,1.275,,,31,1,1.0750,1.2150
26,23,1.375,1.378375,,26,1.275,,,32,1,1.0000,1.4744
27,23,1.375,1.374625,,27,1.3125,,,33,1,0.9250,1.5211
28,24,1.325,1.3795,,28,1.3125,,,34,2,1.4500,1.6277
29,25,1.275,1.35325,,29,1.3125,,,38,2,2.0500,2.0737
30,26,1.275,1.364625,,30,1.275,,,39,1,2.1125,2.0145
31,26,1.275,1.3495,,31,1.075,,,40,1,2.0500,2.0537
32,26,1.275,1.41775,,32,1,,,41,2,1.8625,1.8327
33,27,1.3125,1.352625,,33,0.925,,,42,1,1.7125,1.2159
34,27,1.3125,1.303625,,34,1.45,,,43,1,1.5625,1.2490
35,29,1.3125,1.316875,,35,2.0875,,,44,1,1.0000,1.4355
36,29,1.3125,1.30325,,36,2.275,,,45,1,1.1000,1.8034
37,30,1.275,1.315,,37,2.1,,,46,1,1.4625,1.8206
38,30,1.275,1.26825,,38,2.05,,,47,2,1.6125,1.7756
39,30,1.275,1.262625,,39,2.1125,,,48,2,2.1250,1.7339
40,31,1.075,1.215,,40,2.05,,,49,3,2.0625,1.7851
41,32,1,1.474375,,41,1.8625,,,50,2,1.8375,1.8438
42,33,0.925,1.521125,,42,1.7125,,,51,1,1.6000,1.6541
43,34,1.45,1.692875,,43,1.5625,,,53,1,1.6250,1.6582
44,34,1.45,1.5625,,44,1,,,54,1,1.6250,1.6504
45,38,2.05,2.0435,,45,1.1,,,55,2,1.6375,1.6347
46,38,2.05,2.103875,,46,1.4625,,,58,1,1.6625,1.6145
47,39,2.1125,2.0145,,47,1.6125,,,59,3,1.6125,1.6210
48,40,2.05,2.05375,,48,2.125,,,60,1,1.5500,1.6666
49,41,1.8625,1.839375,,49,2.0625,,,61,2,1.5500,1.6545
50,41,1.8625,1.826,,50,1.8375,,,63,2,1.6875,1.7453
51,42,1.7125,1.215875,,51,1.6,,,66,1,1.7000,1.7329
52,43,1.5625,1.249,,52,1.575,,,67,1,1.7250,1.7631
53,44,1,1.4355,,53,1.625,,,68,2,1.7500,1.8834
54,45,1.1,1.803375,,54,1.625,,,72,1,1.6000,1.6729
55,46,1.4625,1.820625,,55,1.6375,,,74,1,1.6875,1.6269
56,47,1.6125,1.761625,,56,1.6625,,,75,2,1.8000,1.6194
57,47,1.6125,1.789625,,57,1.6625,,,76,1,1.9375,1.7339
58,48,2.125,1.706375,,58,1.6625,,,85,1,1.6125,1.9336
59,48,2.125,1.761375,,59,1.6125,,,86,2,2.0250,1.7618
60,49,2.0625,1.75325,,60,1.55,,,87,2,2.1875,1.9349
61,49,2.0625,1.849,,61,1.55,,,88,1,2.0750,1.9841
62,49,2.0625,1.753,,62,1.6125,,,89,1,2.0875,2.2102
63,50,1.8375,1.896625,,63,1.6875,,,90,1,2.2125,1.9796
64,50,1.8375,1.791,,64,1.7625,,,91,1,2.2625,1.9559
65,51,1.6,1.654125,,65,1.7375,,,93,3,1.9750,2.0346
66,53,1.625,1.65825,,66,1.7,,,94,1,1.7500,3.7048
67,54,1.625,1.650375,,67,1.725,,,95,1,1.6125,3.9005
68,55,1.6375,1.63625,,68,1.75,,,98,1,1.5875,1.3630
69,55,1.6375,1.63325,,69,1.7875,,,99,1,1.8250,1.3568
70,58,1.6625,1.6145,,70,1.7875,,,100,2,1.9000,1.8600
71,59,1.6125,1.591625,,71,1.7,,,101,2,2.0500,1.3567
72,59,1.6125,1.666625,,72,1.6,,,102,3,2.0875,1.8686
73,59,1.6125,1.604875,,73,1.6,,,103,1,2.0375,1.9369
74,60,1.55,1.666625,,74,1.6875,,,105,1,1.7625,1.7157
75,61,1.55,1.63025,,75,1.8,,,107,2,1.7500,1.9973
76,61,1.55,1.67875,,76,1.9375,,,108,2,1.9000,2.2416
77,63,1.6875,1.73875,,77,2.0125,,,110,1,2.0250,2.0051
78,63,1.6875,1.75175,,78,2.0375,,,111,1,1.9750,1.9918
79,66,1.7,1.732875,,79,2.0625,,,112,1,2.0500,1.9245
80,67,1.725,1.763125,,80,2.025,,,113,3,1.9625,1.9435
81,68,1.75,1.88575,,81,1.8875,,,114,1,1.8000,2.0569
82,68,1.75,1.881125,,82,1.6125,,,117,2,2.1375,1.9376
83,72,1.6,1.672875,,83,1.3875,,,119,2,1.7000,1.9054
84,74,1.6875,1.626875,,84,1.375,,,121,1,1.5625,1.7326
85,75,1.8,1.626625,,85,1.6125,,,122,1,1.6250,1.6778
86,75,1.8,1.61225,,86,2.025,,,123,2,1.6375,1.7265
87,76,1.9375,1.733875,,87,2.1875,,,124,1,1.6375,1.8251
88,85,1.6125,1.933625,,88,2.075,,,125,2,1.6375,1.6816
89,86,2.025,1.774,,89,2.0875,,,127,1,1.5875,1.7457
90,86,2.025,1.7495,,90,2.2125,,,128,1,1.7875,2.1669
91,87,2.1875,1.938625,,91,2.2625,,,130,2,2.3875,2.1556
92,87,2.1875,1.931125,,92,2.1625,,,132,1,2.0000,1.9921
93,88,2.075,1.984125,,93,1.975,,,135,1,1.7000,1.9543
94,89,2.0875,2.21025,,94,1.75,,,136,3,1.7250,1.9318
95,90,2.2125,1.979625,,95,1.6125,,,137,3,1.6750,1.9999
96,91,2.2625,1.955875,,96,0.9875,,,138,1,1.7250,2.1230
97,93,1.975,2.15875,,97,1.1125,,,139,2,1.6625,1.9785
98,93,1.975,2.1405,,98,1.5875,,,142,2,1.1625,1.6939
99,93,1.975,1.8045,,99,1.825,,,145,1,2.1375,1.9711
100,94,1.75,3.70475,,100,1.9,,,146,2,2.3125,2.1851
101,95,1.6125,3.9005,,101,2.05,,,148,1,2.4375,2.1499
102,98,1.5875,1.363,,102,2.0875,,,149,1,2.5250,2.0439
103,99,1.825,1.35675,,103,2.0375,,,151,1,2.4375,2.4105
104,100,1.9,1.816,,104,1.9125,,,153,1,2.5000,2.3966
105,100,1.9,1.904,,105,1.7625,,,154,1,2.3875,2.1458
106,101,2.05,1.355625,,106,1.7,,,155,1,2.2625,2.1868
107,101,2.05,1.357875,,107,1.75,,,157,1,2.2625,2.0918
108,102,2.0875,1.8095,,108,1.9,,,158,1,2.3000,2.0365
109,102,2.0875,1.919125,,109,2.0625,,,159,2,2.2375,2.1279
110,102,2.0875,1.877125,,110,2.025,,,160,3,2.2750,2.1537
111,103,2.0375,1.936875,,111,1.975,,,164,1,2.3625,1.9283
112,105,1.7625,1.71575,,112,2.05,,,168,2,2.2875,2.2118
113,107,1.75,1.993375,,113,1.9625,,,169,1,2.0750,1.8380
114,107,1.75,2.00125,,114,1.8,,,171,2,1.8250,1.8232
115,108,1.9,2.3355,,115,1.9375,,,172,2,1.7000,1.6110
116,108,1.9,2.14775,,116,2.2125,,,176,2,2.0000,1.9971
117,110,2.025,2.005125,,117,2.1375,,,178,1,2.0375,2.0341
118,111,1.975,1.99175,,118,1.8875,,,179,1,1.9750,1.9172
119,112,2.05,1.9245,,119,1.7,,,180,3,1.9750,1.9555
120,113,1.9625,1.89475,,120,1.5125,,,181,2,2.0250,1.7909
121,113,1.9625,1.86575,,121,1.5625,,,183,1,1.4875,1.9274
122,113,1.9625,2.069875,,122,1.625,,,184,1,1.4000,1.9380
123,114,1.8,2.056875,,123,1.6375,,,185,1,1.5500,1.9380
124,117,2.1375,1.930375,,124,1.6375,,,186,1,1.9125,1.5678
125,117,2.1375,1.944875,,125,1.6375,,,188,2,2.2125,2.0143
126,119,1.7,1.8405,,126,1.625,,,189,1,2.0750,1.8666
127,119,1.7,1.970375,,127,1.5875,,,190,2,1.9625,1.9534
128,121,1.5625,1.732625,,128,1.7875,,,191,2,1.8875,1.9761
129,122,1.625,1.67775,,129,2.25,,,192,1,1.8875,2.0019
130,123,1.6375,1.682,,130,2.3875,,,193,1,2.0375,2.0337
131,123,1.6375,1.771,,131,2.2,,,195,1,1.8500,1.8393
132,124,1.6375,1.825125,,132,2,,,196,1,1.7000,1.8164
133,125,1.6375,1.616625,,133,1.85,,,197,1,1.6125,1.8439
134,125,1.6375,1.7465,,134,1.7375,,,199,3,1.5875,1.9513
135,127,1.5875,1.74575,,135,1.7,,,201,2,1.2875,1.7467
136,128,1.7875,2.166875,,136,1.725,,,202,1,1.4375,1.6944
137,130,2.3875,2.131625,,137,1.675,,,203,1,1.7000,1.9515
138,130,2.3875,2.1796625,,138,1.725,,,204,2,1.8875,1.8417
139,132,2,1.992125,,139,1.6625,,,205,2,1.9250,2.1379
140,135,1.7,1.95425,,140,1.3875,,,206,1,1.7250,1.7436
141,136,1.725,1.799625,,141,1.125,,,207,1,1.5375,1.8586
142,136,1.725,1.978125,,142,1.1625,,,209,1,1.4875,1.6853
143,136,1.725,2.0175,,143,1.4375,,,211,1,1.3125,1.8548
144,137,1.675,1.87,,144,1.7875,,,212,1,1.4625,2.0010
145,137,1.675,1.932125,,145,2.1375,,,213,2,1.5000,1.6862
146,137,1.675,2.197625,,146,2.3125,,,214,1,1.2125,1.4610
147,138,1.725,2.123,,147,2.375,,,218,2,0.0000,0.0960
148,139,1.6625,1.685375,,148,2.4375,,,220,3,0.0000,0.0130
149,139,1.6625,2.271625,,149,2.525,,,221,4,0.0000,0.0084
150,142,1.1625,1.71,,150,2.475,,,224,1,0.0000,0.0000
151,142,1.1625,1.677875,,151,2.4375,,,227,1,0.0000,0.0000
152,145,2.1375,1.971125,,152,2.525,,,228,1,0.0000,0.0014
153,146,2.3125,2.12975,,153,2.5,,,229,1,0.0000,0.0438
154,146,2.3125,2.2405,,154,2.3875,,,230,3,0.0125,0.1540
155,148,2.4375,2.149875,,155,2.2625,,,231,2,0.0125,0.4364
156,149,2.525,2.043875,,156,2.1875,,,232,1,0.0000,0.1655
157,151,2.4375,2.4105,,157,2.2625,,,233,2,0.0000,0.0579
158,153,2.5,2.396625,,158,2.3,,,235,2,0.0125,0.0058
159,154,2.3875,2.14575,,159,2.2375,,,236,1,0.0125,0.0150
160,155,2.2625,2.18675,,160,2.275,,,238,1,0.0000,0.0090
161,157,2.2625,2.09175,,161,2.3125,,,240,1,0.0125,0.0080
162,158,2.3,2.0365,,162,2.2625,,,242,1,0.0125,0.1295
163,159,2.2375,2.1585,,163,2.275,,,244,2,0.3375,0.0320
164,159,2.2375,2.097375,,164,2.3625,,,245,1,1.4500,1.0364
165,160,2.275,2.13775,,165,2.375,,,246,1,2.3500,1.6295
166,160,2.275,2.21225,,166,2.2,,,248,1,1.4875,1.5156
167,160,2.275,2.111125,,167,2.2375,,,251,1,6.1875,3.8275
168,164,2.3625,1.92825,,168,2.2875,,,252,1,6.6250,4.6055
169,168,2.2875,2.21925,,169,2.075,,,253,1,4.4000,4.2981
170,168,2.2875,2.204375,,170,1.8875,,,254,1,2.6375,2.9382
171,169,2.075,1.838,,171,1.825,,,255,2,1.8625,1.9904
172,171,1.825,1.773458333,,172,1.7,,,256,1,1.4500,2.0792
173,171,1.825,1.873,,173,1.575,,,257,2,1.6750,1.8363
174,172,1.7,1.596,,174,1.6125,,,260,1,2.5500,2.2685
175,172,1.7,1.626,,175,1.7875,,,261,1,2.6250,2.4631
176,176,2,1.991375,,176,2,,,262,2,2.7000,2.4445
177,176,2,2.00275,,177,2.1125,,,263,1,2.6875,2.5312
178,178,2.0375,2.034125,,178,2.0375,,,264,2,2.5625,2.3554
179,179,1.975,1.91725,,179,1.975,,,265,2,2.5125,2.4048
180,180,1.975,1.915,,180,1.975,,,266,1,2.6125,2.2728
181,180,1.975,1.895625,,181,2.025,,,268,2,2.5750,2.2519
182,180,1.975,2.055875,,182,1.8125,,,269,1,2.5750,2.0787
183,181,2.025,1.788875,,183,1.4875,,,271,2,2.4875,2.1741
184,181,2.025,1.792875,,184,1.4,,,273,2,2.4000,2.3144
185,183,1.4875,1.927375,,185,1.55,,,274,1,2.3125,2.3003
186,184,1.4,1.938,,186,1.9125,,,276,1,2.1750,2.2158
187,185,1.55,1.938,,187,2.2,,,278,2,2.2375,2.1936
188,186,1.9125,1.56775,,188,2.2125,,,280,1,2.2875,2.4364
189,188,2.2125,2.119625,,189,2.075,,,281,1,2.2000,2.2604
190,188,2.2125,1.908875,,190,1.9625,,,282,1,2.1375,2.2223
191,189,2.075,1.866625,,191,1.8875,,,283,3,2.1625,2.2662
192,190,1.9625,1.9,,192,1.8875,,,284,1,2.2125,2.2369
193,190,1.9625,2.006875,,193,2.0375,,,291,1,2.8375,2.6816
194,191,1.8875,2.000375,,194,2.025,,,293,2,2.8125,2.4339
195,191,1.8875,1.951875,,195,1.85,,,294,2,2.6375,2.5711
196,192,1.8875,2.001875,,196,1.7,,,296,1,2.6250,2.6005
197,193,2.0375,2.03375,,197,1.6125,,,298,1,2.2000,2.3602
198,195,1.85,1.83925,,198,1.5625,,,299,2,2.1500,2.2264
199,196,1.7,1.816375,,199,1.5875,,,301,2,2.3625,2.2288
200,197,1.6125,1.843875,,200,1.425,,,303,1,2.2875,2.0005
,199,1.5875,1.923375,,201,1.2875,,,304,2,2.0500,1.8657
,199,1.5875,2.0315,,202,1.4375,,,305,1,1.9750,1.9167
,199,1.5875,1.898875,,203,1.7,,,306,1,1.9750,1.9559
,201,1.2875,1.66775,,204,1.8875,,,309,1,1.3375,1.7149
,201,1.2875,1.825625,,205,1.925,,,310,1,1.3000,1.6712
,202,1.4375,1.694375,,206,1.725,,,312,2,1.6000,1.5010
,203,1.7,1.9515,,207,1.5375,,,313,2,1.7625,1.9096
,204,1.8875,1.88575,,208,1.5,,,314,1,1.7250,1.9247
,204,1.8875,1.797625,,209,1.4875,,,315,1,2.2000,2.3391
,205,1.925,2.16775,,210,1.3625,,,316,3,2.3875,2.2450
,205,1.925,2.108125,,211,1.3125,,,317,2,2.3750,2.2825
,206,1.725,1.743625,,212,1.4625,,,319,2,2.4000,2.3029
,207,1.5375,1.858625,,213,1.5,,,320,1,2.3500,2.3116
,209,1.4875,1.68525,,214,1.2125,,,321,1,2.2250,2.2802
,211,1.3125,1.85475,,215,0.8625,,,322,1,2.1500,2.2577
,212,1.4625,2.001,,216,0.525,,,323,2,2.1750,2.2324
,213,1.5,1.75675,,217,0,,,324,1,2.1875,2.2251
,213,1.5,1.615625,,218,0,,,325,3,2.2250,2.2239
,214,1.2125,1.461,,219,0,,,327,2,2.2375,2.2480
,218,0,0.095625,,220,0,,,328,1,2.2125,2.3079
,218,0,0.096375,,221,0,,,330,1,2.2250,2.2329
,220,0,0.027875,,222,0,,,332,1,2.2250,2.2312
,220,0,0.011125,,223,0,,,333,1,2.2000,2.2789
,220,0,0,,224,0,,,334,1,2.1750,2.3065
,221,0,0,,225,0,,,335,1,2.1500,2.2630
,221,0,0.022625,,226,0,,,338,1,2.2750,2.3119
,221,0,0,,227,0,,,339,2,2.2125,2.2739
,221,0,0.011125,,228,0,,,340,1,2.2875,2.2504
,224,0,0,,229,0,,,342,1,2.4125,2.3525
,227,0,0,,230,0.0125,,,343,1,2.5000,2.3629
,228,0,0.001375,,231,0.0125,,,346,1,2.4625,2.3971
,229,0,0.04375,,232,0,,,348,1,2.3125,2.4161
,230,0.0125,0.10575,,233,0,,,349,1,2.3250,2.3521
,230,0.0125,0.058375,,234,0.0125,,,352,1,2.7125,2.5001
,230,0.0125,0.297875,,235,0.0125,,,353,1,2.7125,2.5855
,231,0.0125,0.3645,,236,0.0125,,,354,2,2.5750,2.6263
,231,0.0125,0.50825,,237,0,,,356,2,2.4625,2.6018
,232,0,0.1655,,238,0,,,357,2,2.4625,2.5692
,233,0,0.040625,,239,0,,,359,1,2.4750,2.5600
,233,0,0.075125,,240,0.0125,,,360,1,1.9250,2.2564
,235,0.0125,0.00575,,241,0.0125,,,362,1,2.2750,2.3139
,235,0.0125,0.005875,,242,0.0125,,,363,2,2.3750,2.3796
,236,0.0125,0.015,,243,0.0125,,,365,1,2.1125,2.3649
,238,0,0.009,,244,0.3375,,,366,1,2.1500,2.2313
,240,0.0125,0.008,,245,1.45,,,367,1,2.2000,2.1923
,242,0.0125,0.1295,,246,2.35,,,371,1,2.2750,2.1741
,244,0.3375,0.0135,,247,1.975,,,372,2,2.3875,2.1776
,244,0.3375,0.0505,,248,1.4875,,,374,1,2.5125,2.0669
,245,1.45,1.036375,,249,1.0625,,,375,1,2.5000,2.4210
,246,2.35,1.6295,,250,0.775,,,376,1,2.3500,2.3588
,248,1.4875,1.515625,,251,6.1875,,,377,2,2.2500,2.4206
,251,6.1875,3.8275,,252,6.625,,,380,3,2.4750,2.3029
,252,6.625,4.6055,,253,4.4,,,381,4,2.5125,2.3106
,253,4.4,4.298125,,254,2.6375,,,382,3,2.4500,2.2566
,254,2.6375,2.93825,,255,1.8625,,,383,1,2.1875,2.2991
,255,1.8625,1.914875,,256,1.45,,,384,1,2.2750,2.3282
,255,1.8625,2.066,,257,1.675,,,385,1,2.6125,2.4247
,256,1.45,2.07925,,258,2.1375,,,386,2,2.4500,2.5021
,257,1.675,1.83125,,259,2.35,,,387,1,2.3500,2.3776
,257,1.675,1.841375,,260,2.55,,,389,4,2.2125,2.2613
,260,2.55,2.2685,,261,2.625,,,390,1,2.3250,2.4958
,261,2.625,2.463125,,262,2.7,,,391,1,2.0750,2.2799
,262,2.7,2.55075,,263,2.6875,,,392,1,2.0500,2.1820
,262,2.7,2.33825,,264,2.5625,,,393,2,2.1500,2.1725
,263,2.6875,2.53125,,265,2.5125,,,394,1,2.3000,2.2061
,264,2.5625,2.281125,,266,2.6125,,,395,1,2.5625,2.3496
,264,2.5625,2.42975,,267,2.5875,,,396,1,2.4625,2.3655
,265,2.5125,2.275875,,268,2.575,,,397,1,2.4375,2.4057
,265,2.5125,2.53375,,269,2.575,,,398,2,2.4375,2.3377
,266,2.6125,2.27275,,270,2.575,,,399,1,2.3500,2.1678
,268,2.575,2.1025,,271,2.4875,,,400,2,2.1500,2.2671
,268,2.575,2.401375,,272,2.4,,,401,2,1.9000,2.2998
,269,2.575,2.07875,,273,2.4,,,403,2,2.0750,2.1882
,271,2.4875,2.17525,,274,2.3125,,,405,1,2.1625,2.1011
,271,2.4875,2.172875,,275,2.2,,,406,2,2.1000,2.1324
,273,2.4,2.313125,,276,2.175,,,408,2,1.8250,2.3919
,273,2.4,2.31575,,277,2,,,409,2,1.9250,2.0695
,274,2.3125,2.30025,,278,2.2375,,,412,1,1.9375,2.0675
,276,2.175,2.21575,,279,2.175,,,413,1,1.8250,2.6685
,278,2.2375,2.193375,,280,2.2875,,,414,2,1.0500,1.7854
,278,2.2375,2.193875,,281,2.2,,,415,1,1.0250,0.9975
,280,2.2875,2.436375,,282,2.1375,,,416,3,0.9875,0.5850
,281,2.2,2.260375,,283,2.1625,,,417,2,0.9500,0.1326
,282,2.1375,2.22225,,284,2.2125,,,418,1,0.2500,0.2640
,283,2.1625,2.288875,,285,2.5375,,,419,2,0.2125,0.2694
,283,2.1625,2.272,,286,2.475,,,420,1,0.1625,0.1436
,283,2.1625,2.237625,,287,2.725,,,421,3,0.0000,0.1052
,284,2.2125,2.236875,,288,2.9,,,422,3,0.0000,0.0390
,291,2.8375,2.681625,,289,3.0125,,,423,2,0.0000,0.0819
,293,2.8125,2.38675,,290,2.85,,,424,1,1.0000,0.0766
,293,2.8125,2.481125,,291,2.8375,,,425,1,2.0750,2.8840
,294,2.6375,2.5555,,292,2.825,,,426,1,4.2625,3.1860
,294,2.6375,2.58675,,293,2.8125,,,427,3,3.2000,3.7772
,296,2.625,2.6005,,294,2.6375,,,429,1,3.7250,2.9917
,298,2.2,2.36025,,295,2.6,,,430,1,3.4250,3.0891
,299,2.15,2.223625,,296,2.625,,,432,2,2.9000,3.4511
,299,2.15,2.22925,,297,2.4125,,,434,1,3.3625,3.1770
,301,2.3625,2.24325,,298,2.2,,,435,1,3.4375,2.7104
,301,2.3625,2.21425,,299,2.15,,,436,3,2.3625,2.7453
,303,2.2875,2.0005,,300,2.2375,,,437,1,2.5625,1.8175
,304,2.05,1.841375,,301,2.3625,,,438,1,2.7750,2.4489
,304,2.05,1.89004375,,302,2.3375,,,439,1,2.7875,2.3069
,305,1.975,1.91675,,303,2.2875,,,442,1,2.6875,2.2911
,306,1.975,1.9559375,,304,2.05,,,443,1,2.6250,2.2493
,309,1.3375,1.714875,,305,1.975,,,444,2,2.5500,2.3144
,310,1.3,1.67125,,306,1.975,,,447,1,2.1500,2.4349
,312,1.6,1.4909125,,307,1.85,,,449,1,1.8625,2.1085
,312,1.6,1.51110625,,308,1.75,,,450,2,2.0625,2.0296
,313,1.7625,1.8689125,,309,1.3375,,,451,1,2.0625,2.2049
,313,1.7625,1.950375,,310,1.3,,,452,4,1.8500,2.3735
,314,1.725,1.9246875,,311,1.6375,,,454,1,2.5125,2.4493
,315,2.2,2.339125,,312,1.6,,,455,1,2.2125,2.3966
,316,2.3875,2.259125,,313,1.7625,,,456,1,2.3250,2.4691
,316,2.3875,2.2405,,314,1.725,,,457,1,2.7750,2.3472
,316,2.3875,2.23525,,315,2.2,,,458,1,2.3375,2.2607
,317,2.375,2.29125,,316,2.3875,,,459,1,2.2875,2.3025
,317,2.375,2.27375,,317,2.375,,,461,3,2.2875,2.2517
,319,2.4,2.3025,,318,2.225,,,463,2,2.3250,2.2875
,319,2.4,2.30325,,319,2.4,,,464,1,2.2875,2.2291
,320,2.35,2.311625,,320,2.35,,,465,2,2.2125,2.2637
,321,2.225,2.28025,,321,2.225,,,466,1,2.2000,2.2277
,322,2.15,2.25775,,322,2.15,,,467,2,2.1625,2.1612
,323,2.175,2.2215,,323,2.175,,,469,1,2.1375,2.2230
,323,2.175,2.24325,,324,2.1875,,,470,2,2.1250,2.2685
,324,2.1875,2.225125,,325,2.225,,,471,1,2.2875,2.1983
,325,2.225,2.229,,326,2.2875,,,473,1,2.3125,2.2359
,325,2.225,2.22575,,327,2.2375,,,474,1,2.4875,2.3827
,325,2.225,2.217,,328,2.2125,,,476,1,2.5000,2.3689
,327,2.2375,2.258625,,329,2.225,,,477,1,2.6000,2.4533
,327,2.2375,2.237375,,330,2.225,,,478,1,2.4625,2.1453
,328,2.2125,2.307875,,331,2.25,,,479,1,2.1750,2.0711
,330,2.225,2.232875,,332,2.225,,,480,2,2.0625,2.2193
,332,2.225,2.23125,,333,2.2,,,482,2,2.0375,2.1984
,333,2.2,2.278875,,334,2.175,,,483,1,2.0625,2.0374
,334,2.175,2.3065,,335,2.15,,,484,2,2.1625,1.9986
,335,2.15,2.263,,336,2.2,,,485,1,1.9250,2.0936
,338,2.275,2.311875,,337,2.3375,,,489,1,1.9625,1.9565
,339,2.2125,2.276375,,338,2.275,,,490,1,1.9750,2.1594
,339,2.2125,2.271375,,339,2.2125,,,491,2,1.8250,1.9829
,340,2.2875,2.250375,,340,2.2875,,,493,2,1.8375,1.8360
,342,2.4125,2.3525,,341,2.35,,,496,2,1.6000,1.9291
,343,2.5,2.362875,,342,2.4125,,,497,2,1.6125,1.7200
,346,2.4625,2.397125,,343,2.5,,,500,2,1.6625,1.8633
,348,2.3125,2.416125,,344,2.5875,,,503,2,2.0625,1.9189
,349,2.325,2.352125,,345,2.4375,,,504,1,2.1375,1.9116
,352,2.7125,2.500125,,346,2.4625,,,508,1,1.9375,1.9029
,353,2.7125,2.5855,,347,2.375,,,509,1,1.8625,1.7601
,354,2.575,2.646625,,348,2.3125,,,510,2,1.7625,1.7770
,354,2.575,2.605875,,349,2.325,,,512,1,1.4875,1.8426
,356,2.4625,2.617125,,350,2.3375,,,513,1,1.4875,1.9049
,356,2.4625,2.5865,,351,2.5125,,,514,1,1.5250,1.9042
,357,2.4625,2.5965,,352,2.7125,,,516,1,2.1125,2.0154
,357,2.4625,2.541875,,353,2.7125,,,517,1,2.1375,2.0224
,359,2.475,2.56,,354,2.575,,,520,1,1.9375,1.9069
,360,1.925,2.256375,,355,2.575,,,522,1,1.9750,1.7898
,362,2.275,2.313875,,356,2.4625,,,525,1,1.2875,1.2380
,363,2.375,2.388625,,357,2.4625,,,526,2,1.1875,0.5625
,363,2.375,2.3705625,,358,2.55,,,527,2,1.0875,0.4752
,365,2.1125,2.364875,,359,2.475,,,528,2,0.0000,0.3295
,366,2.15,2.23125,,360,1.925,,,529,1,0.0000,0.0359
,367,2.2,2.19228125,,361,2.1125,,,530,2,0.6875,1.2508
,371,2.275,2.174125,,362,2.275,,,531,3,2.5500,1.6863
,372,2.3875,2.1775,,363,2.375,,,533,1,5.0375,2.2175
,372,2.3875,2.177625,,364,2.4625,,,534,2,4.9875,2.1771
,374,2.5125,2.066875,,365,2.1125,,,535,2,4.6875,1.9799
,375,2.5,2.421,,366,2.15,,,536,1,2.7875,1.8827
,376,2.35,2.358833333,,367,2.2,,,537,1,1.9500,3.0219
,377,2.25,2.416125,,368,2.1875,,,538,1,1.5875,2.0245
,377,2.25,2.425125,,369,2.1375,,,540,4,2.1250,2.0956
,380,2.475,2.2485,,370,2.175,,,542,3,2.4500,2.3786
,380,2.475,2.396875,,371,2.275,,,543,2,2.3250,2.3816
,380,2.475,2.2634375,,372,2.3875,,,544,1,2.4875,2.2732
,381,2.5125,2.29575,,373,2.375,,,545,4,2.4375,2.2973
,381,2.5125,2.41375,,374,2.5125,,,548,1,2.1625,2.0435
,381,2.5125,2.231875,,375,2.5,,,550,1,2.1500,1.8991
,381,2.5125,2.3009375,,376,2.35,,,551,1,2.3375,1.9063
,382,2.45,2.31175,,377,2.25,,,552,2,2.1625,2.1788
,382,2.45,2.224375,,378,2.3375,,,553,2,2.0625,2.0276
,382,2.45,2.23375,,379,2.4,,,558,3,1.8875,2.0530
,383,2.1875,2.299125,,380,2.475,,,559,2,1.7500,2.0822
,384,2.275,2.32825,,381,2.5125,,,560,1,1.7375,2.1141
,385,2.6125,2.42475,,382,2.45,,,561,1,1.7125,1.8617
,386,2.45,2.513875,,383,2.1875,,,563,2,2.0500,2.1474
,386,2.45,2.49025,,384,2.275,,,565,2,2.2375,2.1433
,387,2.35,2.377625,,385,2.6125,,,566,3,2.1375,2.1505
,389,2.2125,2.269375,,386,2.45,,,567,1,2.0625,1.8714
,389,2.2125,2.2465,,387,2.35,,,568,1,2.2375,2.2493
,389,2.2125,2.26,,388,2.2875,,,569,1,2.5625,2.2983
,389,2.2125,2.269416667,,389,2.2125,,,572,1,2.3750,2.3814
,390,2.325,2.49575,,390,2.325,,,573,3,2.3750,2.3765
,391,2.075,2.279875,,391,2.075,,,574,2,2.3375,2.1763
,392,2.05,2.182,,392,2.05,,,575,2,2.2750,2.2598
,393,2.15,2.196875,,393,2.15,,,578,1,2.1500,2.0441
,393,2.15,2.148125,,394,2.3,,,582,2,1.9500,2.0731
,394,2.3,2.206125,,395,2.5625,,,583,1,2.0625,2.2415
,395,2.5625,2.349625,,396,2.4625,,,587,1,2.1500,2.2376
,396,2.4625,2.3655,,397,2.4375,,,589,1,1.7375,2.0481
,397,2.4375,2.405666667,,398,2.4375,,,591,1,1.7375,2.1056
,398,2.4375,2.306375,,399,2.35,,,592,1,1.9625,2.0805
,398,2.4375,2.36903125,,400,2.15,,,593,1,2.2250,2.1486
,399,2.35,2.16775,,401,1.9,,,594,1,2.2125,2.1519
,400,2.15,2.22,,402,1.725,,,597,1,2.1250,2.1179
,400,2.15,2.31425,,403,2.075,,,598,2,2.2625,2.1316
,401,1.9,2.287125,,404,2.15,,,599,2,2.3125,2.1415
,401,1.9,2.3125,,405,2.1625,,,600,1,2.1250,2.3157
,403,2.075,2.206,,406,2.1,,,601,1,1.9500,1.9809
,403,2.075,2.1705,,407,2.05,,,602,1,1.7875,1.9609
,405,2.1625,2.101125,,408,1.825,,,606,1,5.8875,2.0936
,406,2.1,2.132416667,,409,1.925,,,607,1,7.2625,4.1049
,406,2.1,2.132375,,410,2,,,608,3,5.8625,5.8469
,408,1.825,2.485,,411,2.05,,,609,1,3.0125,3.4991
,408,1.825,2.298875,,412,1.9375,,,610,1,0.4250,2.0036
,409,1.925,2.095,,413,1.825,,,611,1,1.2125,1.7582
,409,1.925,2.044,,414,1.05,,,612,2,1.8625,2.1785
,412,1.9375,2.0675,,415,1.025,,,615,2,2.0625,2.2834
,413,1.825,2.6685,,416,0.9875,,,617,1,2.3125,2.1988
,414,1.05,1.7115,,417,0.95,,,618,1,2.3250,2.2633
,414,1.05,1.85925,,418,0.25,,,620,2,2.1500,2.3278
,415,1.025,0.9975,,419,0.2125,,,621,1,2.2250,2.3068
,416,0.9875,0.660875,,420,0.1625,,,623,1,2.4000,2.2348
,416,0.9875,0.49125,,421,0,,,624,2,2.3375,2.2313
,416,0.9875,0.603,,422,0,,,625,2,2.2500,2.2604
,417,0.95,0.175875,,423,0,,,630,1,2.1250,2.2208
,417,0.95,0.08925,,424,1,,,632,3,2.1875,2.3812
,418,0.25,0.264,,425,2.075,,,633,1,2.2875,2.2102
,419,0.2125,0.362875,,426,4.2625,,,634,2,2.2875,2.3752
,419,0.2125,0.176,,427,3.2,,,635,1,2.2750,2.4299
,420,0.1625,0.143625,,428,2.8875,,,636,1,2.3875,2.3983
,421,0,0.066,,429,3.725,,,637,1,2.5250,2.3444
,421,0,0.144625,,430,3.425,,,638,1,2.5250,2.3943
,421,0,0.105,,431,3.475,,,639,1,2.4250,2.5829
,422,0,0.0475,,432,2.9,,,640,1,2.3250,2.2845
,422,0,0.012625,,433,3.275,,,642,2,2.2625,2.2603
,422,0,0.05675,,434,3.3625,,,643,2,2.3125,2.2777
,423,0,0.047125,,435,3.4375,,,644,1,2.3750,2.2401
,423,0,0.116625,,436,2.3625,,,645,2,2.2125,2.4720
,424,1,0.076625,,437,2.5625,,,646,2,2.0625,2.2587
,425,2.075,2.884,,438,2.775,,,647,2,2.0500,2.2067
,426,4.2625,3.186,,439,2.7875,,,648,1,2.1500,2.1823
,427,3.2,3.822,,440,2.8125,,,649,2,2.1250,2.3847
,427,3.2,3.84375,,441,2.675,,,651,1,2.3250,2.1738
,427,3.2,3.66575,,442,2.6875,,,652,1,2.3750,2.2951
,429,3.725,2.99175,,443,2.625,,,653,2,2.3875,2.2910
,430,3.425,3.089125,,444,2.55,,,654,1,2.3875,2.3691
,432,2.9,3.43175,,445,2.4625,,,658,1,2.7875,2.5086
,432,2.9,3.4705,,446,2.125,,,659,1,2.6500,2.4041
,434,3.3625,3.177,,447,2.15,,,661,3,2.4250,2.3964
,435,3.4375,2.710375,,448,2,,,662,1,2.3000,2.4758
,436,2.3625,2.841375,,449,1.8625,,,663,1,2.2375,2.3568
,436,2.3625,2.608375,,450,2.0625,,,664,2,2.2125,2.4986
,436,2.3625,2.786125,,451,2.0625,,,666,3,2.0500,2.0841
,437,2.5625,1.8175,,452,1.85,,,669,2,2.2875,2.3781
,438,2.775,2.448875,,453,2.425,,,670,2,2.4500,2.2936
,439,2.7875,2.306875,,454,2.5125,,,671,1,2.4875,2.2841
,442,2.6875,2.291125,,455,2.2125,,,676,1,2.2875,2.3261
,443,2.625,2.24925,,456,2.325,,,679,2,2.2750,2.3751
,444,2.55,2.32825,,457,2.775,,,681,1,2.2750,2.3244
,444,2.55,2.300625,,458,2.3375,,,682,1,2.2125,2.2458
,447,2.15,2.434875,,459,2.2875,,,683,1,2.2000,2.3135
,449,1.8625,2.1085,,460,2.2625,,,684,1,2.2500,2.3731
,450,2.0625,2.04925,,461,2.2875,,,686,2,2.4000,2.2850
,450,2.0625,2.01,,462,2.35,,,687,1,2.3375,2.2235
,451,2.0625,2.204875,,463,2.325,,,689,2,2.3500,2.3559
,452,1.85,2.37125,,464,2.2875,,,692,1,2.2625,2.1279
,452,1.85,2.3705,,465,2.2125,,,693,1,2.2750,2.3761
,452,1.85,2.339,,466,2.2,,,694,1,2.3625,2.3863
,452,1.85,2.41325,,467,2.1625,,,695,2,2.4625,2.3741
,454,2.5125,2.44925,,468,2.1625,,,698,1,1.9875,2.0937
,455,2.2125,2.396625,,469,2.1375,,,699,1,2.1000,2.0947
,456,2.325,2.469125,,470,2.125,,,701,1,2.4250,2.3723
,457,2.775,2.347208333,,471,2.2875,,,702,1,2.4250,2.4006
,458,2.3375,2.26075,,472,2.1875,,,703,1,2.4125,2.4068
,459,2.2875,2.3025,,473,2.3125,,,704,2,2.4625,2.3854
,461,2.2875,2.217875,,474,2.4875,,,705,1,2.5000,2.3731
,461,2.2875,2.2379375,,475,2.4875,,,706,2,2.3875,2.4031
,461,2.2875,2.299354167,,476,2.5,,,707,3,2.1750,2.3636
,463,2.325,2.2895,,477,2.6,,,709,1,2.1125,2.5113
,463,2.325,2.2854375,,478,2.4625,,,712,2,2.8500,2.3618
,464,2.2875,2.229145833,,479,2.175,,,713,1,2.9875,2.4736
,465,2.2125,2.270875,,480,2.0625,,,714,1,2.9750,2.6058
,465,2.2125,2.2565625,,481,2.0625,,,719,1,2.4250,2.3106
,466,2.2,2.22775,,482,2.0375,,,720,1,2.5375,2.3186
,467,2.1625,2.1525,,483,2.0625,,,722,1,2.1750,2.1770
,467,2.1625,2.169875,,484,2.1625,,,723,1,2.0250,2.3625
,469,2.1375,2.223,,485,1.925,,,729,3,1.9875,2.3665
,470,2.125,2.27975,,486,1.725,,,730,1,1.8750,2.4593
,470,2.125,2.25725,,487,1.75,,,731,2,1.8750,2.1513
,471,2.2875,2.19825,,488,1.8875,,,732,1,1.9875,2.5661
,473,2.3125,2.235854167,,489,1.9625,,,733,1,2.1000,2.2224
,474,2.4875,2.38271875,,490,1.975,,,734,1,2.1625,2.2739
,476,2.5,2.368875,,491,1.825,,,735,2,2.1625,2.2681
,477,2.6,2.45325,,492,1.825,,,736,1,2.1000,2.3675
,478,2.4625,2.145275,,493,1.8375,,,738,1,2.3375,2.2911
,479,2.175,2.071125,,494,1.9125,,,739,1,2.5000,2.0521
,480,2.0625,2.178775,,495,1.8125,,,740,2,2.5750,2.2469
,480,2.0625,2.25975,,496,1.6,,,741,1,2.3125,1.8885
,482,2.0375,2.14565,,497,1.6125,,,743,1,1.8125,2.3311
,482,2.0375,2.25115625,,498,1.6375,,,744,2,1.8375,2.2441
,483,2.0625,2.037375,,499,1.65,,,747,1,2.3625,2.2023
,484,2.1625,2.01025,,500,1.6625,,,749,1,2.2875,2.2124
,484,2.1625,1.987,,501,1.9,,,750,3,2.2125,2.2430
,485,1.925,2.093625,,502,1.95,,,751,2,2.1750,2.1940
,489,1.9625,1.9565,,503,2.0625,,,752,1,2.2750,2.2563
,490,1.975,2.159375,,504,2.1375,,,754,2,2.0750,2.3344
,491,1.825,1.977125,,505,1.975,,,756,1,2.6625,2.3435
,491,1.825,1.988625,,506,1.95,,,757,1,3.0125,2.2679
,493,1.8375,1.83735,,507,2,,,758,2,2.8625,2.2554
,493,1.8375,1.834625,,508,1.9375,,,759,1,2.7375,2.4802
,496,1.6,1.9295,,509,1.8625,,,762,3,3.0500,2.3110
,496,1.6,1.92875,,510,1.7625,,,764,1,5.4000,5.8916
,497,1.6125,1.705625,,511,1.7125,,,765,1,6.3625,5.8449
,497,1.6125,1.734375,,512,1.4875,,,766,3,5.7625,5.4031
,500,1.6625,1.873125,,513,1.4875,,,767,1,4.8375,2.4681
,500,1.6625,1.8535,,514,1.525,,,769,1,0.0000,0.5626
,503,2.0625,1.908583333,,515,1.8375,,,770,1,0.0125,0.4361
,503,2.0625,1.92925,,516,2.1125,,,771,1,0.0250,0.3615
,504,2.1375,1.911625,,517,2.1375,,,772,1,0.4500,2.7369
,508,1.9375,1.902875,,518,1.9625,,,774,2,3.9875,2.5209
,509,1.8625,1.760125,,519,2.025,,,775,2,4.5625,2.3843
,510,1.7625,1.7715,,520,1.9375,,,779,1,2.4250,3.6691
,510,1.7625,1.782583333,,521,1.9375,,,781,1,2.0250,2.5738
,512,1.4875,1.842575,,522,1.975,,,782,1,2.2375,2.4819
,513,1.4875,1.904875,,523,1.8,,,783,2,2.5625,2.4168
,514,1.525,1.904158333,,524,1.3875,,,785,3,2.1625,2.8071
,516,2.1125,2.015375,,525,1.2875,,,786,3,2.1250,2.6645
,517,2.1375,2.0224125,,526,1.1875,,,787,1,2.2625,2.7579
,520,1.9375,1.9069,,527,1.0875,,,790,2,2.5875,2.5336
,522,1.975,1.78975,,528,0,,,793,1,2.8875,2.3680
,525,1.2875,1.238,,529,0,,,794,2,2.9000,2.5042
,526,1.1875,0.41125,,530,0.6875,,,795,1,2.7500,2.3780
,526,1.1875,0.71375,,531,2.55,,,796,3,2.7000,2.5377
,527,1.0875,0.386,,532,4.525,,,798,2,2.6875,3.7488
,527,1.0875,0.564375,,533,5.0375,,,799,1,2.4250,4.4488
,528,0,0.388375,,534,4.9875,,,800,3,2.1500,2.3175
,528,0,0.270625,,535,4.6875,,,801,1,2.0375,2.5331
,529,0,0.035875,,536,2.7875,,,803,1,2.2375,2.3665
,530,0.6875,1.2505,,537,1.95,,,804,2,2.2250,2.3545
,530,0.6875,1.251,,538,1.5875,,,806,2,2.3500,2.3166
,531,2.55,1.72725,,539,1.7625,,,809,2,2.2000,2.3444
,531,2.55,1.671,,540,2.125,,,811,1,2.2750,2.3744
,531,2.55,1.6605,,541,2.4875,,,812,1,2.3375,2.2925
,533,5.0375,2.2175,,542,2.45,,,813,1,2.4250,2.3169
,534,4.9875,2.177375,,543,2.325,,,814,3,2.3875,2.3555
,534,4.9875,2.17675,,544,2.4875,,,818,1,2.3375,2.2943
,535,4.6875,2.057875,,545,2.4375,,,819,1,2.2625,2.3051
,535,4.6875,1.902,,546,2.325,,,820,2,2.2625,2.3881
,536,2.7875,1.88275,,547,2.3,,,821,1,2.3000,2.4683
,537,1.95,3.021875,,548,2.1625,,,822,1,2.2250,2.2075
,538,1.5875,2.0245,,549,2.025,,,823,1,2.1125,2.1431
,540,2.125,2.084,,550,2.15,,,824,1,2.1250,2.1434
,540,2.125,2.097,,551,2.3375,,,825,2,2.3000,2.2646
,540,2.125,2.111875,,552,2.1625,,,828,2,2.1625,2.2522
,540,2.125,2.089625,,553,2.0625,,,829,4,2.3125,2.4008
,542,2.45,2.358916667,,554,2.225,,,830,2,2.5125,2.3591
,542,2.45,2.376875,,555,2.3875,,,833,2,2.2500,2.3280
,542,2.45,2.400066667,,556,2.425,,,834,1,2.2875,2.3235
,543,2.325,2.3845,,557,2.2125,,,835,1,2.3500,2.3714
,543,2.325,2.378708333,,558,1.8875,,,837,2,2.3500,2.3237
,544,2.4875,2.27325,,559,1.75,,,838,1,2.4125,2.3920
,545,2.4375,2.297875,,560,1.7375,,,839,1,2.4250,2.3766
,545,2.4375,2.2975,,561,1.7125,,,840,1,2.3250,2.4418
,545,2.4375,2.294,,562,1.7875,,,842,4,2.0125,2.2181
,545,2.4375,2.299625,,563,2.05,,,844,2,1.9250,2.0708
,548,2.1625,2.0435,,564,2.2125,,,845,1,2.0250,2.0211
,550,2.15,1.899125,,565,2.2375,,,846,1,2.0875,2.0374
,551,2.3375,1.90625,,566,2.1375,,,847,3,2.0000,2.0861
,552,2.1625,2.15075,,567,2.0625,,,848,1,2.0000,2.0605
,552,2.1625,2.206875,,568,2.2375,,,849,1,1.9125,2.0404
,553,2.0625,2.1360625,,569,2.5625,,,850,1,1.9375,2.0711
,553,2.0625,1.919125,,570,2.575,,,852,1,2.2250,2.1250
,558,1.8875,2.1360625,,571,2.4875,,,853,2,2.3125,2.5081
,558,1.8875,2.0900625,,572,2.375,,,854,1,2.4625,2.5021
,558,1.8875,1.93275,,573,2.375,,,858,2,2.5750,2.4175
,559,1.75,2.1068125,,574,2.3375,,,859,1,2.5875,2.4776
,559,1.75,2.0576875,,575,2.275,,,861,1,2.3125,2.5114
,560,1.7375,2.114125,,576,2.175,,,863,1,2.4875,2.4363
,561,1.7125,1.86175,,577,2.1375,,,864,1,2.5750,2.3751
,563,2.05,2.11725,,578,2.15,,,867,2,2.1500,2.6095
,563,2.05,2.177625,,579,2.1125,,,868,2,1.9625,2.4211
,565,2.2375,2.132375,,580,2.1125,,,869,1,2.1625,2.5444
,565,2.2375,2.154125,,581,2.0625,,,871,1,2.8125,2.1608
,566,2.1375,2.1135,,582,1.95,,,872,1,2.7125,2.1959
,566,2.1375,2.22325,,583,2.0625,,,874,1,2.3625,2.2654
,566,2.1375,2.11475,,584,2.3875,,,875,1,2.1000,2.2121
,567,2.0625,1.871375,,585,2.625,,,876,2,2.1125,2.2796
,568,2.2375,2.24925,,586,2.575,,,877,1,2.3125,2.5631
,569,2.5625,2.29825,,587,2.15,,,878,3,2.3250,2.2967
,572,2.375,2.381375,,588,1.875,,,879,2,2.1750,2.3006
,573,2.375,2.389875,,589,1.7375,,,880,2,2.0250,2.3319
,573,2.375,2.3515,,590,1.7,,,881,1,2.1375,2.2581
,573,2.375,2.388125,,591,1.7375,,,887,1,2.9125,2.5891
,574,2.3375,2.14425,,592,1.9625,,,889,3,2.6750,2.0853
,574,2.3375,2.208375,,593,2.225,,,890,1,2.3750,2.2739
,575,2.275,2.215,,594,2.2125,,,891,1,2.2750,2.3059
,575,2.275,2.3045,,595,2.05,,,892,1,2.2125,2.3103
,578,2.15,2.044125,,596,2.0625,,,893,1,2.2125,2.2811
,582,1.95,2.0899375,,597,2.125,,,895,1,2.1500,2.2154
,582,1.95,2.05629375,,598,2.2625,,,896,1,2.2250,2.2304
,583,2.0625,2.2415,,599,2.3125,,,899,2,2.6875,2.5023
,587,2.15,2.237625,,600,2.125,,,900,2,2.7500,2.4459
,589,1.7375,2.048125,,601,1.95,,,901,3,2.7375,2.6735
,591,1.7375,2.1056375,,602,1.7875,,,904,2,2.5750,2.5554
,592,1.9625,2.0805,,603,1.7875,,,906,1,2.2750,2.3067
,593,2.225,2.148625,,604,2.375,,,907,1,2.2000,2.3881
,594,2.2125,2.151875,,605,3.7375,,,908,2,2.2875,2.2649
,597,2.125,2.117875,,606,5.8875,,,910,2,2.2750,2.2683
,598,2.2625,2.13275,,607,7.2625,,,913,2,2.3500,2.3392
,598,2.2625,2.1305,,608,5.8625,,,914,2,2.3875,2.3291
,599,2.3125,2.13275,,609,3.0125,,,915,1,2.3375,2.2841
,599,2.3125,2.15025,,610,0.425,,,916,2,2.2500,2.2414
,600,2.125,2.31575,,611,1.2125,,,917,1,2.1500,2.2054
,601,1.95,1.980875,,612,1.8625,,,921,1,2.0750,2.7405
,602,1.7875,1.960875,,613,2.175,,,925,1,2.3250,2.6043
,606,5.8875,2.093625,,614,2.175,,,926,2,2.5500,2.5121
,607,7.2625,4.104875,,615,2.0625,,,927,1,2.7500,2.4694
,608,5.8625,5.790625,,616,2.175,,,928,1,2.6375,2.4325
,608,5.8625,5.780125,,617,2.3125,,,929,1,2.5125,2.5044
,608,5.8625,5.97,,618,2.325,,,930,3,2.4625,2.7351
,609,3.0125,3.499125,,619,2.325,,,931,2,2.4500,2.5715
,610,0.425,2.003625,,620,2.15,,,934,2,2.5000,2.4248
,611,1.2125,1.75825,,621,2.225,,,936,1,2.6250,2.6234
,612,1.8625,2.175125,,622,2.3375,,,937,3,2.8250,2.5955
,612,1.8625,2.181875,,623,2.4,,,940,1,2.7750,2.5964
,615,2.0625,2.276,,624,2.3375,,,942,1,2.7750,2.5728
,615,2.0625,2.290875,,625,2.25,,,943,1,2.8125,2.5268
,617,2.3125,2.19875,,626,2.2375,,,944,2,2.6000,2.5455
,618,2.325,2.26325,,627,2.25,,,945,2,2.6125,2.5848
,620,2.15,2.319875,,628,2.2125,,,946,1,2.6500,2.5498
,620,2.15,2.3356875,,629,2.125,,,947,1,2.6375,2.5444
,621,2.225,2.30675,,630,2.125,,,952,2,2.2250,2.1773
,623,2.4,2.23475,,631,2.125,,,953,2,2.1625,2.0721
,624,2.3375,2.23425,,632,2.1875,,,955,2,2.6250,2.3681
,624,2.3375,2.22825,,633,2.2875,,,956,2,2.6000,2.5332
,625,2.25,2.228125,,634,2.2875,,,957,2,2.5125,2.5816
,625,2.25,2.292625,,635,2.275,,,958,2,2.4875,2.5487
,630,2.125,2.22075,,636,2.3875,,,961,1,2.5250,2.4411
,632,2.1875,2.391,,637,2.525,,,963,1,2.4875,1.6546
,632,2.1875,2.3685,,638,2.525,,,964,1,2.5125,2.3540
,632,2.1875,2.384125,,639,2.425,,,968,2,2.0125,2.0899
,633,2.2875,2.21025,,640,2.325,,,969,1,2.0000,2.2530
,634,2.2875,2.432,,641,2.3,,,970,2,2.3000,2.2348
,634,2.2875,2.318375,,642,2.2625,,,971,1,2.7375,2.5085
,635,2.275,2.429875,,643,2.3125,,,972,2,2.7250,2.3749
,636,2.3875,2.39825,,644,2.375,,,973,1,2.4375,2.2926
,637,2.525,2.344375,,645,2.2125,,,975,1,2.1875,2.3259
,638,2.525,2.39425,,646,2.0625,,,976,1,2.2000,2.2609
,639,2.425,2.582875,,647,2.05,,,977,1,2.2250,2.3886
,640,2.325,2.2845,,648,2.15,,,978,1,2.0375,2.1078
,642,2.2625,2.279625,,649,2.125,,,979,1,2.0875,2.2041
,642,2.2625,2.240875,,650,2.1125,,,980,2,2.1250,2.1414
,643,2.3125,2.26075,,651,2.325,,,981,3,2.1375,2.1658
,643,2.3125,2.294625,,652,2.375,,,982,2,2.1125,2.2314
,644,2.375,2.240125,,653,2.3875,,,985,2,2.1375,2.0681
,645,2.2125,2.42075,,654,2.3875,,,986,1,2.5500,2.3869
,645,2.2125,2.52325,,655,2.6,,,987,3,2.5875,2.4100
,646,2.0625,2.286375,,656,2.775,,,990,1,2.4375,2.3631
,646,2.0625,2.231,,657,2.8,,,991,1,2.4000,2.2714
,647,2.05,2.232125,,658,2.7875,,,992,1,2.3375,2.4701
,647,2.05,2.18125,,659,2.65,,,993,2,2.2875,2.2956
,648,2.15,2.18225,,660,2.525,,,994,2,2.0250,2.2535
,649,2.125,2.356125,,661,2.425,,,995,1,2.0250,2.3464
,649,2.125,2.41325,,662,2.3,,,996,1,2.0750,2.0134
,651,2.325,2.17375,,663,2.2375,,,997,1,1.9875,2.1405
,652,2.375,2.295125,,664,2.2125,,,998,2,1.9750,2.0776
,653,2.3875,2.2825,,665,2.1375,,,999,2,1.9875,2.1005
,653,2.3875,2.2995,,666,2.05,,,1000,1,2.1125,2.2489
,654,2.3875,2.369125,,667,2,,,0,,,
,658,2.7875,2.508625,,668,2.0375,,,,,,
,659,2.65,2.404125,,669,2.2875,,,,,,
,661,2.425,2.3785,,670,2.45,,,,,,
,661,2.425,2.39875,,671,2.4875,,,,,,
,661,2.425,2.411875,,672,2.525,,,,,,
,662,2.3,2.47575,,673,2.375,,,,,,
,663,2.2375,2.35675,,674,2.2875,,,,,,
,664,2.2125,2.511,,675,2.2875,,,,,,
,664,2.2125,2.486125,,676,2.2875,,,,,,
,666,2.05,2.05725,,677,2.2875,,,,,,
,666,2.05,2.114,,678,2.325,,,,,,
,666,2.05,2.081,,679,2.275,,,,,,
,669,2.2875,2.394625,,680,2.275,,,,,,
,669,2.2875,2.3615,,681,2.275,,,,,,
,670,2.45,2.314875,,682,2.2125,,,,,,
,670,2.45,2.27225,,683,2.2,,,,,,
,671,2.4875,2.284125,,684,2.25,,,,,,
,676,2.2875,2.326125,,685,2.3625,,,,,,
,679,2.275,2.378,,686,2.4,,,,,,
,679,2.275,2.37225,,687,2.3375,,,,,,
,681,2.275,2.324375,,688,2.275,,,,,,
,682,2.2125,2.24575,,689,2.35,,,,,,
,683,2.2,2.3135,,690,2.4125,,,,,,
,684,2.25,2.373125,,691,2.3625,,,,,,
,686,2.4,2.284875,,692,2.2625,,,,,,
,686,2.4,2.285125,,693,2.275,,,,,,
,687,2.3375,2.223489286,,694,2.3625,,,,,,
,689,2.35,2.374875,,695,2.4625,,,,,,
,689,2.35,2.336964286,,696,2.3625,,,,,,
,692,2.2625,2.127875,,697,2.0125,,,,,,
,693,2.275,2.376125,,698,1.9875,,,,,,
,694,2.3625,2.38625,,699,2.1,,,,,,
,695,2.4625,2.401625,,700,2.275,,,,,,
,695,2.4625,2.3465,,701,2.425,,,,,,
,698,1.9875,2.09375,,702,2.425,,,,,,
,699,2.1,2.09475,,703,2.4125,,,,,,
,701,2.425,2.37225,,704,2.4625,,,,,,
,702,2.425,2.400625,,705,2.5,,,,,,
,703,2.4125,2.40675,,706,2.3875,,,,,,
,704,2.4625,2.353,,707,2.175,,,,,,
,704,2.4625,2.41775,,708,2.025,,,,,,
,705,2.5,2.373125,,709,2.1125,,,,,,
,706,2.3875,2.39575,,710,2.45,,,,,,
,706,2.3875,2.4105,,711,2.775,,,,,,
,707,2.175,2.371625,,712,2.85,,,,,,
,707,2.175,2.351375,,713,2.9875,,,,,,
,707,2.175,2.36775,,714,2.975,,,,,,
,709,2.1125,2.51125,,715,2.675,,,,,,
,712,2.85,2.383625,,716,2.4375,,,,,,
,712,2.85,2.34,,717,2.3875,,,,,,
,713,2.9875,2.473625,,718,2.3375,,,,,,
,714,2.975,2.60575,,719,2.425,,,,,,
,719,2.425,2.310625,,720,2.5375,,,,,,
,720,2.5375,2.318625,,721,2.4125,,,,,,
,722,2.175,2.177,,722,2.175,,,,,,
,723,2.025,2.3625,,723,2.025,,,,,,
,729,1.9875,2.34275,,724,2.1125,,,,,,
,729,1.9875,2.299,,725,2.175,,,,,,
,729,1.9875,2.45775,,726,2.1125,,,,,,
,730,1.875,2.45925,,727,2.0625,,,,,,
,731,1.875,2.169125,,728,2.0625,,,,,,
,731,1.875,2.133375,,729,1.9875,,,,,,
,732,1.9875,2.566125,,730,1.875,,,,,,
,733,2.1,2.222375,,731,1.875,,,,,,
,734,2.1625,2.273875,,732,1.9875,,,,,,
,735,2.1625,2.26725,,733,2.1,,,,,,
,735,2.1625,2.268875,,734,2.1625,,,,,,
,736,2.1,2.3675,,735,2.1625,,,,,,
,738,2.3375,2.291125,,736,2.1,,,,,,
,739,2.5,2.052125,,737,2.1625,,,,,,
,740,2.575,2.04925,,738,2.3375,,,,,,
,740,2.575,2.4445,,739,2.5,,,,,,
,741,2.3125,1.8885,,740,2.575,,,,,,
,743,1.8125,2.331125,,741,2.3125,,,,,,
,744,1.8375,2.279625,,742,1.95,,,,,,
,744,1.8375,2.208625,,743,1.8125,,,,,,
,747,2.3625,2.20225,,744,1.8375,,,,,,
,749,2.2875,2.212375,,745,2,,,,,,
,750,2.2125,2.238125,,746,2.2125,,,,,,
,750,2.2125,2.262375,,747,2.3625,,,,,,
,750,2.2125,2.228375,,748,2.3625,,,,,,
,751,2.175,2.1625,,749,2.2875,,,,,,
,751,2.175,2.2255,,750,2.2125,,,,,,
,752,2.275,2.25625,,751,2.175,,,,,,
,754,2.075,2.328,,752,2.275,,,,,,
,754,2.075,2.340875,,753,2.2125,,,,,,
,756,2.6625,2.3435,,754,2.075,,,,,,
,757,3.0125,2.267875,,755,2.2375,,,,,,
,758,2.8625,2.24875,,756,2.6625,,,,,,
,758,2.8625,2.262,,757,3.0125,,,,,,
,759,2.7375,2.48025,,758,2.8625,,,,,,
,762,3.05,2.330125,,759,2.7375,,,,,,
,762,3.05,2.29775,,760,2.75,,,,,,
,762,3.05,2.305125,,761,2.7,,,,,,
,764,5.4,5.891625,,762,3.05,,,,,,
,765,6.3625,5.844875,,763,3.975,,,,,,
,766,5.7625,5.40875,,764,5.4,,,,,,
,766,5.7625,5.35475,,765,6.3625,,,,,,
,766,5.7625,5.44575,,766,5.7625,,,,,,
,767,4.8375,2.468125,,767,4.8375,,,,,,
,769,0,0.562625,,768,3.9,,,,,,
,770,0.0125,0.436125,,769,0,,,,,,
,771,0.025,0.3615,,770,0.0125,,,,,,
,772,0.45,2.736875,,771,0.025,,,,,,
,774,3.9875,2.32975,,772,0.45,,,,,,
,774,3.9875,2.712125,,773,1.125,,,,,,
,775,4.5625,2.3575,,774,3.9875,,,,,,
,775,4.5625,2.411125,,775,4.5625,,,,,,
,779,2.425,3.669125,,776,6.7,,,,,,
,781,2.025,2.57375,,777,5.6,,,,,,
,782,2.2375,2.481875,,778,3.6625,,,,,,
,783,2.5625,2.21525,,779,2.425,,,,,,
,783,2.5625,2.61825,,780,2.15,,,,,,
,785,2.1625,2.325,,781,2.025,,,,,,
,785,2.1625,3.3395,,782,2.2375,,,,,,
,785,2.1625,2.75675,,783,2.5625,,,,,,
,786,2.125,2.641875,,784,2.4625,,,,,,
,786,2.125,2.74525,,785,2.1625,,,,,,
,786,2.125,2.606375,,786,2.125,,,,,,
,787,2.2625,2.757875,,787,2.2625,,,,,,
,790,2.5875,2.517875,,788,2.4125,,,,,,
,790,2.5875,2.549375,,789,2.5,,,,,,
,793,2.8875,2.368,,790,2.5875,,,,,,
,794,2.9,2.665375,,791,2.625,,,,,,
,794,2.9,2.343,,792,2.6875,,,,,,
,795,2.75,2.378,,793,2.8875,,,,,,
,796,2.7,2.543125,,794,2.9,,,,,,
,796,2.7,2.449375,,795,2.75,,,,,,
,796,2.7,2.6205,,796,2.7,,,,,,
,798,2.6875,4.111625,,797,2.7,,,,,,
,798,2.6875,3.386,,798,2.6875,,,,,,
,799,2.425,4.44875,,799,2.425,,,,,,
,800,2.15,2.38875,,800,2.15,,,,,,
,800,2.15,2.217625,,801,2.0375,,,,,,
,800,2.15,2.346,,802,2.1625,,,,,,
,801,2.0375,2.533125,,803,2.2375,,,,,,
,803,2.2375,2.3665,,804,2.225,,,,,,
,804,2.225,2.3195,,805,2.2625,,,,,,
,804,2.225,2.3895,,806,2.35,,,,,,
,806,2.35,2.347625,,807,2.4125,,,,,,
,806,2.35,2.285625,,808,2.325,,,,,,
,809,2.2,2.40575,,809,2.2,,,,,,
,809,2.2,2.283,,810,2.225,,,,,,
,811,2.275,2.374375,,811,2.275,,,,,,
,812,2.3375,2.2925,,812,2.3375,,,,,,
,813,2.425,2.316875,,813,2.425,,,,,,
,814,2.3875,2.375625,,814,2.3875,,,,,,
,814,2.3875,2.374625,,815,2.3375,,,,,,
,814,2.3875,2.316125,,816,2.3375,,,,,,
,818,2.3375,2.29425,,817,2.3625,,,,,,
,819,2.2625,2.305125,,818,2.3375,,,,,,
,820,2.2625,2.4225,,819,2.2625,,,,,,
,820,2.2625,2.353625,,820,2.2625,,,,,,
,821,2.3,2.46825,,821,2.3,,,,,,
,822,2.225,2.2075,,822,2.225,,,,,,
,823,2.1125,2.143125,,823,2.1125,,,,,,
,824,2.125,2.143375,,824,2.125,,,,,,
,825,2.3,2.266625,,825,2.3,,,,,,
,825,2.3,2.2625,,826,2.2875,,,,,,
,828,2.1625,2.26475,,827,2.1375,,,,,,
,828,2.1625,2.23975,,828,2.1625,,,,,,
,829,2.3125,2.404125,,829,2.3125,,,,,,
,829,2.3125,2.43425,,830,2.5125,,,,,,
,829,2.3125,2.3365,,831,2.4375,,,,,,
,829,2.3125,2.428375,,832,2.325,,,,,,
,830,2.5125,2.3485,,833,2.25,,,,,,
,830,2.5125,2.369625,,834,2.2875,,,,,,
,833,2.25,2.33,,835,2.35,,,,,,
,833,2.25,2.326,,836,2.3625,,,,,,
,834,2.2875,2.3235,,837,2.35,,,,,,
,835,2.35,2.371375,,838,2.4125,,,,,,
,837,2.35,2.321875,,839,2.425,,,,,,
,837,2.35,2.3255,,840,2.325,,,,,,
,838,2.4125,2.392,,841,2.175,,,,,,
,839,2.425,2.376625,,842,2.0125,,,,,,
,840,2.325,2.44175,,843,1.8875,,,,,,
,842,2.0125,2.247,,844,1.925,,,,,,
,842,2.0125,2.197125,,845,2.025,,,,,,
,842,2.0125,2.21809375,,846,2.0875,,,,,,
,842,2.0125,2.2103125,,847,2,,,,,,
,844,1.925,2.086625,,848,2,,,,,,
,844,1.925,2.055,,849,1.9125,,,,,,
,845,2.025,2.021125,,850,1.9375,,,,,,
,846,2.0875,2.037375,,851,2.1,,,,,,
,847,2,2.09025,,852,2.225,,,,,,
,847,2,2.070375,,853,2.3125,,,,,,
,847,2,2.097625,,854,2.4625,,,,,,
,848,2,2.0605,,855,2.55,,,,,,
,849,1.9125,2.040375,,856,2.425,,,,,,
,850,1.9375,2.071125,,857,2.475,,,,,,
,852,2.225,2.125,,858,2.575,,,,,,
,853,2.3125,2.50141875,,859,2.5875,,,,,,
,853,2.3125,2.514789583,,860,2.3875,,,,,,
,854,2.4625,2.502125,,861,2.3125,,,,,,
,858,2.575,2.45996875,,862,2.4125,,,,,,
,858,2.575,2.375125,,863,2.4875,,,,,,
,859,2.5875,2.477563988,,864,2.575,,,,,,
,861,2.3125,2.511350446,,865,2.6125,,,,,,
,863,2.4875,2.436339286,,866,2.4125,,,,,,
,864,2.575,2.375125,,867,2.15,,,,,,
,867,2.15,2.60275,,868,1.9625,,,,,,
,867,2.15,2.61625,,869,2.1625,,,,,,
,868,1.9625,2.326125,,870,2.55,,,,,,
,868,1.9625,2.516,,871,2.8125,,,,,,
,869,2.1625,2.544375,,872,2.7125,,,,,,
,871,2.8125,2.160791667,,873,2.525,,,,,,
,872,2.7125,2.195875,,874,2.3625,,,,,,
,874,2.3625,2.265375,,875,2.1,,,,,,
,875,2.1,2.212125,,876,2.1125,,,,,,
,876,2.1125,2.265375,,877,2.3125,,,,,,
,876,2.1125,2.293875,,878,2.325,,,,,,
,877,2.3125,2.56309375,,879,2.175,,,,,,
,878,2.325,2.26525,,880,2.025,,,,,,
,878,2.325,2.101625,,881,2.1375,,,,,,
,878,2.325,2.523125,,882,2.1375,,,,,,
,879,2.175,2.3265,,883,2.1625,,,,,,
,879,2.175,2.274625,,884,2.4875,,,,,,
,880,2.025,2.299875,,885,2.7375,,,,,,
,880,2.025,2.364,,886,2.825,,,,,,
,881,2.1375,2.258125,,887,2.9125,,,,,,
,887,2.9125,2.589125,,888,3.0375,,,,,,
,889,2.675,2.05825,,889,2.675,,,,,,
,889,2.675,2.067625,,890,2.375,,,,,,
,889,2.675,2.130125,,891,2.275,,,,,,
,890,2.375,2.273875,,892,2.2125,,,,,,
,891,2.275,2.305875,,893,2.2125,,,,,,
,892,2.2125,2.31025,,894,2.2375,,,,,,
,893,2.2125,2.281125,,895,2.15,,,,,,
,895,2.15,2.215375,,896,2.225,,,,,,
,896,2.225,2.230375,,897,2.425,,,,,,
,899,2.6875,2.459375,,898,2.5375,,,,,,
,899,2.6875,2.54525,,899,2.6875,,,,,,
,900,2.75,2.41975,,900,2.75,,,,,,
,900,2.75,2.472,,901,2.7375,,,,,,
,901,2.7375,2.6985,,902,2.725,,,,,,
,901,2.7375,2.654625,,903,2.725,,,,,,
,901,2.7375,2.667375,,904,2.575,,,,,,
,904,2.575,2.5405,,905,2.4375,,,,,,
,904,2.575,2.57025,,906,2.275,,,,,,
,906,2.275,2.30675,,907,2.2,,,,,,
,907,2.2,2.388125,,908,2.2875,,,,,,
,908,2.2875,2.265375,,909,2.35,,,,,,
,908,2.2875,2.2645,,910,2.275,,,,,,
,910,2.275,2.261875,,911,2.1875,,,,,,
,910,2.275,2.27475,,912,2.2125,,,,,,
,913,2.35,2.33325,,913,2.35,,,,,,
,913,2.35,2.34525,,914,2.3875,,,,,,
,914,2.3875,2.3355,,915,2.3375,,,,,,
,914,2.3875,2.322625,,916,2.25,,,,,,
,915,2.3375,2.284125,,917,2.15,,,,,,
,916,2.25,2.262875,,918,2.1125,,,,,,
,916,2.25,2.22,,919,2.175,,,,,,
,917,2.15,2.205375,,920,2.1125,,,,,,
,921,2.075,2.7405,,921,2.075,,,,,,
,925,2.325,2.60425,,922,2.25,,,,,,
,926,2.55,2.53025,,923,2.3875,,,,,,
,926,2.55,2.493875,,924,2.375,,,,,,
,927,2.75,2.469375,,925,2.325,,,,,,
,928,2.6375,2.4325,,926,2.55,,,,,,
,929,2.5125,2.504375,,927,2.75,,,,,,
,930,2.4625,2.752875,,928,2.6375,,,,,,
,930,2.4625,2.7465,,929,2.5125,,,,,,
,930,2.4625,2.705875,,930,2.4625,,,,,,
,931,2.45,2.567375,,931,2.45,,,,,,
,931,2.45,2.575625,,932,2.4625,,,,,,
,934,2.5,2.388375,,933,2.5,,,,,,
,934,2.5,2.461125,,934,2.5,,,,,,
,936,2.625,2.623375,,935,2.525,,,,,,
,937,2.825,2.565125,,936,2.625,,,,,,
,937,2.825,2.59225,,937,2.825,,,,,,
,937,2.825,2.629,,938,2.975,,,,,,
,940,2.775,2.596375,,939,2.9,,,,,,
,942,2.775,2.57275,,940,2.775,,,,,,
,943,2.8125,2.52675,,941,2.7125,,,,,,
,944,2.6,2.519625,,942,2.775,,,,,,
,944,2.6,2.571375,,943,2.8125,,,,,,
,945,2.6125,2.57075,,944,2.6,,,,,,
,945,2.6125,2.59890625,,945,2.6125,,,,,,
,946,2.65,2.54975,,946,2.65,,,,,,
,947,2.6375,2.544375,,947,2.6375,,,,,,
,952,2.225,2.164875,,948,2.6875,,,,,,
,952,2.225,2.18975,,949,2.5125,,,,,,
,953,2.1625,2.07925,,950,2.425,,,,,,
,953,2.1625,2.064875,,951,2.375,,,,,,
,955,2.625,2.384,,952,2.225,,,,,,
,955,2.625,2.352125,,953,2.1625,,,,,,
,956,2.6,2.53175,,954,2.3875,,,,,,
,956,2.6,2.534625,,955,2.625,,,,,,
,957,2.5125,2.564875,,956,2.6,,,,,,
,957,2.5125,2.59825,,957,2.5125,,,,,,
,958,2.4875,2.5705,,958,2.4875,,,,,,
,958,2.4875,2.526875,,959,2.575,,,,,,
,961,2.525,2.441125,,960,2.5875,,,,,,
,963,2.4875,1.654625,,961,2.525,,,,,,
,964,2.5125,2.354,,962,2.4375,,,,,,
,968,2.0125,2.082125,,963,2.4875,,,,,,
,968,2.0125,2.097625,,964,2.5125,,,,,,
,969,2,2.253,,965,2.375,,,,,,
,970,2.3,2.323125,,966,2.3125,,,,,,
,970,2.3,2.146375,,967,2.1375,,,,,,
,971,2.7375,2.5085,,968,2.0125,,,,,,
,972,2.725,2.409625,,969,2,,,,,,
,972,2.725,2.34025,,970,2.3,,,,,,
,973,2.4375,2.292625,,971,2.7375,,,,,,
,975,2.1875,2.325875,,972,2.725,,,,,,
,976,2.2,2.260875,,973,2.4375,,,,,,
,977,2.225,2.388625,,974,2.2125,,,,,,
,978,2.0375,2.10775,,975,2.1875,,,,,,
,979,2.0875,2.204125,,976,2.2,,,,,,
,980,2.125,2.111125,,977,2.225,,,,,,
,980,2.125,2.17175,,978,2.0375,,,,,,
,981,2.1375,2.138,,979,2.0875,,,,,,
,981,2.1375,2.174875,,980,2.125,,,,,,
,981,2.1375,2.184375,,981,2.1375,,,,,,
,982,2.1125,2.1655,,982,2.1125,,,,,,
,982,2.1125,2.29725,,983,1.9875,,,,,,
,985,2.1375,2.063,,984,1.9375,,,,,,
,985,2.1375,2.073125,,985,2.1375,,,,,,
,986,2.55,2.386875,,986,2.55,,,,,,
,987,2.5875,2.391875,,987,2.5875,,,,,,
,987,2.5875,2.430375,,988,2.3875,,,,,,
,987,2.5875,2.407625,,989,2.3875,,,,,,
,990,2.4375,2.363125,,990,2.4375,,,,,,
,991,2.4,2.271375,,991,2.4,,,,,,
,992,2.3375,2.470125,,992,2.3375,,,,,,
,993,2.2875,2.2465,,993,2.2875,,,,,,
,993,2.2875,2.344625,,994,2.025,,,,,,
,994,2.025,2.260625,,995,2.025,,,,,,
,994,2.025,2.246375,,996,2.075,,,,,,
,995,2.025,2.346375,,997,1.9875,,,,,,
,996,2.075,2.013375,,998,1.975,,,,,,
,997,1.9875,2.1405,,999,1.9875,,,,,,
,998,1.975,2.051,,1000,2.1125,,,,,,
,998,1.975,2.10425,,,,,,,,,
,999,1.9875,2.07375,,,,,,,,,
,999,1.9875,2.12725,,,,,,,,,
,1000,2.1125,2.248875,,,,,,,,,