,userID,date,Hour,Minute,wpkg,grade
0,U1000003,2022-11-17,5,23,2.7493860000000008,0.017399999999999992
1,U1000003,2022-11-17,5,24,3.2125550000000005,1.7513333333333332
2,U1000003,2022-11-17,5,25,3.34424,1.4088333333333332
3,U1000003,2022-11-17,5,26,2.3217176470588234,1.9394117647058826
4,U1000003,2022-11-17,5,27,3.038325,-1.7122916666666663
5,U1000003,2022-11-17,5,28,3.3831216666666672,-0.02566666666666666
6,U1000003,2022-11-17,5,30,0.05478124999999999,0.09
7,U1000003,2022-11-17,5,33,0.856743396226415,0.11320754716981131
8,U1000003,2022-11-17,5,35,1.9384699999999997,-0.3365
9,U1000003,2022-11-17,5,36,1.8769483333333339,-0.2251666666666667
10,U1000003,2022-11-17,5,37,1.8316099999999997,-0.032400000000000005
11,U1000003,2022-11-17,5,38,4.04856,-0.42483333333333356
12,U1000000,2022-11-17,5,40,2.1040909090909095,0.01890909090909091
13,U1000003,2022-11-17,5,40,2.8041183333333333,-0.4236666666666666
14,U1000000,2022-11-17,5,41,2.767291666666668,0.4018333333333336
15,U1000003,2022-11-17,5,41,3.236831666666666,-0.012999999999999998
16,U1000003,2022-11-17,5,43,2.774691666666666,-0.09200000000000003
17,U1000003,2022-11-17,5,49,4.645268333333334,-0.02316666666666667
18,U1000003,2022-11-17,5,50,4.235596666666666,0.21666666666666665
19,U1000003,2022-11-17,5,51,2.319318918918919,0.4248648648648648
20,U1000003,2022-11-17,5,53,3.929831666666667,-0.10316666666666668
21,U1000003,2022-11-17,5,54,2.8971166666666677,0.06983333333333333
22,U1000000,2022-11-17,5,55,0.7964583333333334,-0.06216666666666667
23,U1000003,2022-11-17,5,55,1.1888900000000002,0.21233333333333335
24,U1000000,2022-11-17,5,56,2.087708333333334,-0.32599999999999996
25,U1000003,2022-11-17,5,56,1.5728433333333331,0.026166666666666668
26,U1000003,2022-11-17,5,57,1.311315,-0.06716666666666665
27,U1000003,2022-11-17,5,58,1.341412727272727,0.04545454545454546
28,U1000003,2022-11-17,6,0,2.565843333333334,0.441
29,U1000003,2022-11-17,6,1,3.5076116666666666,1.454333333333333
30,U1000003,2022-11-17,6,2,3.0987616666666664,-0.3906666666666665
31,U1000003,2022-11-17,6,3,2.8148166666666663,0.10899999999999999
32,U1000010,2022-11-17,6,3,1.2052283333333336,0.019333333333333293
33,U1000003,2022-11-17,6,4,4.178598333333334,4.579833333333331
34,U1000010,2022-11-17,6,4,1.0418600000000002,1.5821666666666665
35,U1000003,2022-11-17,6,5,2.7481483333333334,0.8615
36,U1000010,2022-11-17,6,5,0.6591099999999999,-1.7474999999999992
37,U1000003,2022-11-17,6,6,2.8349749999999996,-1.238
38,U1000003,2022-11-17,6,7,3.627371666666666,-0.8853333333333332
39,U1000003,2022-11-17,6,8,2.0845716666666663,0.6131666666666665
40,U1000010,2022-11-17,6,8,1.0831366666666664,0.25216666666666676
41,U1000000,2022-11-17,6,9,2.9822916666666677,0.004499999999999997
42,U1000003,2022-11-17,6,10,3.05252,0.2570909090909091
43,U1000003,2022-11-17,6,11,2.7010300000000003,0.5846666666666667
44,U1000010,2022-11-17,6,11,2.353488333333333,0.6026666666666667
45,U1000003,2022-11-17,6,12,2.8144066666666676,0.25300000000000006
46,U1000010,2022-11-17,6,12,1.4664733333333335,0.49350000000000016
47,U1000003,2022-11-17,6,13,2.83148,0.511
48,U1000010,2022-11-17,6,13,1.5503816666666663,0.5201666666666667
49,U1000003,2022-11-17,6,14,3.1349799999999997,0.7859999999999999
50,U1000010,2022-11-17,6,14,1.6668633333333331,0.16266666666666668
51,U1000003,2022-11-17,6,15,3.041351666666667,1.2711666666666677
52,U1000010,2022-11-17,6,15,2.5120166666666655,2.0746666666666664
53,U1000003,2022-11-17,6,16,2.035598333333333,-1.3738333333333337
54,U1000010,2022-11-17,6,16,1.7176399999999996,2.373666666666666
55,U1000003,2022-11-17,6,17,5.841361666666667,1.239666666666667
56,U1000010,2022-11-17,6,17,0.6905049999999998,-1.1791666666666665
57,U1000003,2022-11-17,6,18,3.551846666666666,1.3558333333333328
58,U1000003,2022-11-17,6,19,2.188473333333334,-1.4116666666666662
59,U1000003,2022-11-17,6,20,3.466258333333333,0.02650000000000003
60,U1000003,2022-11-17,6,21,2.921401666666668,0.3109999999999999
61,U1000010,2022-11-17,6,21,1.4701549999999997,0.9361666666666666
62,U1000003,2022-11-17,6,22,4.553095,-1.8936666666666666
63,U1000010,2022-11-17,6,22,0.2785363636363637,1.6277272727272731
64,U1000003,2022-11-17,6,23,1.553712765957447,-0.06595744680851065
65,U1000010,2022-11-17,6,23,0.4473093750000001,-0.454375
66,U1000003,2022-11-17,6,24,0.14862307692307694,-0.991153846153846
67,U1000010,2022-11-17,6,24,1.1261649999999999,-2.2535000000000003
68,U1000000,2022-11-17,6,25,3.2827083333333333,-0.18400000000000002
69,U1000010,2022-11-17,6,25,1.7139566666666668,-0.3718333333333333
70,U1000000,2022-11-17,6,26,2.6331250000000006,-0.09166666666666665
71,U1000010,2022-11-17,6,26,1.1778062500000004,-0.8633333333333335
72,U1000000,2022-11-17,6,27,2.8639583333333336,0.019499999999999997
73,U1000003,2022-11-17,6,27,2.727983333333332,-0.3978333333333334
74,U1000010,2022-11-17,6,27,1.9085249999999996,-1.1025
75,U1000000,2022-11-17,6,28,2.4493749999999994,0.2666666666666667
76,U1000003,2022-11-17,6,28,2.0368111111111107,-0.04
77,U1000010,2022-11-17,6,28,1.4651166666666666,0.29116666666666663
78,U1000000,2022-11-17,6,29,2.814583333333334,0.1095
79,U1000000,2022-11-17,6,30,3.1927083333333344,0.5278333333333339
80,U1000003,2022-11-17,6,30,2.841978333333334,0.4141666666666666
81,U1000010,2022-11-17,6,30,1.923446666666667,0.14516666666666667
82,U1000000,2022-11-17,6,31,3.2043749999999998,0.5063333333333333
83,U1000003,2022-11-17,6,31,2.9318933333333335,0.19299999999999995
84,U1000010,2022-11-17,6,31,1.984298333333333,0.20349999999999996
85,U1000000,2022-11-17,6,32,3.227291666666667,0.5906666666666667
86,U1000003,2022-11-17,6,32,2.8489650000000006,0.00933333333333333
87,U1000010,2022-11-17,6,32,2.068795000000001,0.1455
88,U1000000,2022-11-17,6,33,2.444583333333334,-0.854
89,U1000003,2022-11-17,6,33,4.125925,0.12449999999999997
90,U1000010,2022-11-17,6,33,1.7093016666666667,0.06266666666666666
91,U1000000,2022-11-17,6,34,2.696458333333333,-0.34233333333333327
92,U1000003,2022-11-17,6,34,3.596504999999999,0.3196666666666667
93,U1000010,2022-11-17,6,34,2.1372166666666663,0.21816666666666673
94,U1000000,2022-11-17,6,35,2.9075,0.1608333333333335
95,U1000003,2022-11-17,6,35,2.9411499999999986,0.11466666666666665
96,U1000010,2022-11-17,6,35,1.7945750000000003,0.1731666666666666
97,U1000000,2022-11-17,6,36,1.5529166666666667,-1.4488333333333325
98,U1000000,2022-11-17,6,37,3.253958333333333,1.6113333333333337
99,U1000000,2022-11-17,6,38,2.6454166666666663,0.3334999999999996
100,U1000000,2022-11-17,6,39,2.161875,-0.5999999999999999
101,U1000010,2022-11-17,6,39,0.14680416666666668,-0.024166666666666663
102,U1000000,2022-11-17,6,40,2.2879807692307685,0.3451923076923076
103,U1000000,2022-11-17,6,41,2.3591666666666673,-0.22666666666666666
104,U1000000,2022-11-17,6,42,3.308541666666667,0.6070000000000003
105,U1000000,2022-11-17,6,43,2.8458333333333337,0.6046666666666662
106,U1000000,2022-11-17,6,44,1.6358333333333333,-1.4263333333333335
107,U1000000,2022-11-17,6,45,3.378958333333334,1.7026666666666666
108,U1000000,2022-11-17,6,46,2.5149999999999992,-0.3976666666666666
109,U1000000,2022-11-17,6,47,2.7558333333333334,0.7646666666666667
110,U1000000,2022-11-17,6,48,2.430416666666666,0.1625
111,U1000000,2022-11-17,6,49,2.8516666666666675,1.1229999999999996
112,U1000000,2022-11-17,6,50,2.103333333333333,-1.2266666666666666
113,U1000000,2022-11-17,6,51,2.8397916666666667,0.6846666666666674
114,U1000000,2022-11-17,6,52,2.707291666666667,-0.5730000000000002
115,U1000000,2022-11-17,6,54,4.245208333333332,-0.21583333333333335
116,U1000000,2022-11-17,6,55,4.492083333333332,-0.015833333333333335
117,U1000000,2022-11-17,6,57,2.987268518518518,0.04333333333333333
118,U1000003,2022-11-17,6,57,2.6434200000000003,-0.0095
119,U1000000,2022-11-17,6,58,4.038749999999999,0.5095000000000001
120,U1000003,2022-11-17,7,0,3.867696666666667,0.03
121,U1000003,2022-11-17,7,1,3.057406666666666,0.9373333333333336
122,U1000003,2022-11-17,7,2,2.924285,-1.6885000000000003
123,U1000003,2022-11-17,7,3,2.56522,-1.0708333333333329
124,U1000003,2022-11-17,7,4,2.7766545454545453,0.07333333333333328
125,U1000000,2022-11-17,7,10,1.4077083333333338,-0.2125
126,U1000010,2022-11-17,7,12,1.40911,-0.21900000000000008
127,U1000010,2022-11-17,7,14,1.3726716666666674,-0.3166666666666667
128,U1000010,2022-11-17,7,15,1.19205,-0.205
129,U1000010,2022-11-17,7,17,1.5926333333333331,-0.28433333333333327
130,U1000010,2022-11-17,7,19,1.5503883333333335,-0.2841666666666667
131,U1000010,2022-11-17,7,20,1.6436,-0.13733333333333336
132,U1000010,2022-11-17,7,23,0.17396078431372552,-0.10313725490196078
133,U1000010,2022-11-17,7,26,1.0970916666666668,-0.28066666666666673
134,U1000010,2022-11-17,7,33,1.6468999999999998,0.015166666666666667
135,U1000010,2022-11-17,7,34,1.7542616666666662,0.06133333333333335
136,U1000010,2022-11-17,7,35,1.790115,0.16616666666666668
137,U1000010,2022-11-17,7,37,1.5079449999999994,0.09816666666666671
138,U1000010,2022-11-17,7,40,1.0220916666666668,-1.067833333333333
139,U1000010,2022-11-17,7,43,1.1784883333333334,-0.03599999999999999
140,U1000010,2022-11-17,7,45,1.3864285714285711,1.863214285714286
141,U1000004,2022-11-17,18,39,0.6486488372093022,1.3869767441860468
142,U1000004,2022-11-17,18,40,2.7342333333333326,1.1194999999999997
143,U1000004,2022-11-17,18,41,3.0864900000000013,1.4148333333333334
144,U1000004,2022-11-17,18,42,2.188963333333333,-1.4625000000000006
145,U1000004,2022-11-17,18,43,3.226355000000001,0.5208333333333336
146,U1000004,2022-11-17,18,45,2.971175,0.16249999999999998
147,U1000004,2022-11-17,18,46,2.7927983333333333,0.6035
148,U1000004,2022-11-17,18,47,3.105626666666666,2.867666666666666
149,U1000004,2022-11-17,18,48,2.075903333333333,0.18133333333333335
150,U1000004,2022-11-17,18,49,2.8144116666666665,-0.2105
151,U1000004,2022-11-17,18,51,3.0601283333333336,1.9664999999999997
152,U1000004,2022-11-17,18,52,2.863966666666667,2.5513333333333335
153,U1000004,2022-11-17,18,53,1.1779249999999999,-2.586666666666666
154,U1000004,2022-11-17,18,54,3.0035999999999996,2.0585
155,U1000004,2022-11-17,18,55,2.57455,1.448
156,U1000004,2022-11-17,18,56,2.324093333333333,1.524333333333333
157,U1000004,2022-11-17,18,57,1.33919,1.4246666666666665
158,U1000004,2022-11-17,18,59,0.19977499999999995,-1.407
159,U1000004,2022-11-17,19,0,1.8815283333333344,-0.16716666666666677
160,U1000004,2022-11-17,19,1,1.9204916666666665,0.509833333333333
161,U1000004,2022-11-17,19,3,1.9704966666666666,0.023166666666666665
162,U1000004,2022-11-17,19,5,4.425681666666666,1.8363333333333332
163,U1000004,2022-11-17,19,6,2.258329999999999,-0.545666666666667
164,U1000004,2022-11-17,19,7,2.522753333333334,-1.4080000000000006
165,U1000004,2022-11-17,19,8,3.2844616666666666,0.14633333333333343
166,U1000004,2022-11-17,19,9,3.9164383333333332,3.990666666666666
167,U1000004,2022-11-17,19,10,1.168465,-3.3610000000000007
168,U1000004,2022-11-17,19,11,2.9403133333333336,-0.17100000000000007
169,U1000004,2022-11-17,19,12,2.71464,-0.008666666666666689
170,U1000004,2022-11-17,19,13,3.278158333333333,0.8174999999999999
171,U1000004,2022-11-17,19,14,3.4065316666666665,3.048333333333332
172,U1000004,2022-11-17,19,15,2.2387466666666667,0.8441666666666666
173,U1000004,2022-11-17,19,16,2.0927883333333335,-0.18416666666666645
174,U1000004,2022-11-17,19,17,3.8630666666666666,13.314166666666665
175,U1000004,2022-11-17,19,18,3.5454916666666674,9.57233333333334
176,U1000004,2022-11-17,19,19,3.1590133333333332,7.1865000000000006
177,U1000004,2022-11-17,19,20,3.6804066666666664,7.180499999999999
178,U1000004,2022-11-17,19,21,4.145946666666667,7.446833333333334
179,U1000004,2022-11-17,19,22,1.9391899999999995,2.0668333333333333
180,U1000004,2022-11-17,19,23,1.6576583333333328,0.6741666666666671
181,U1000004,2022-11-17,19,24,3.101805,2.7716666666666665
182,U1000004,2022-11-17,19,25,1.7445983333333337,0.45183333333333353
183,U1000004,2022-11-17,19,26,3.6718433333333342,5.781333333333335
184,U1000004,2022-11-17,19,27,3.802925,7.397499999999997
185,U1000004,2022-11-17,19,28,4.586038333333332,9.89683333333333
186,U1000004,2022-11-17,19,29,1.5396383333333334,-2.5645
187,U1000004,2022-11-17,19,30,0.4626166666666668,-3.0504999999999995
188,U1000004,2022-11-17,19,31,3.9249933333333344,4.817166666666668
189,U1000004,2022-11-17,19,32,3.098423333333334,5.672333333333333
190,U1000004,2022-11-17,19,33,3.0722966666666665,7.1795
191,U1000004,2022-11-17,19,34,1.9056250000000001,-1.1723333333333332
192,U1000004,2022-11-17,19,35,2.6490966666666664,1.9748333333333332
193,U1000004,2022-11-17,19,36,2.23378,-0.09016666666666505
194,U1000004,2022-11-17,19,37,3.6752233333333324,8.992833333333333
195,U1000004,2022-11-17,19,38,2.5493283333333334,6.132500000000002
196,U1000004,2022-11-17,19,39,3.6015716666666666,3.900000000000001
197,U1000004,2022-11-17,19,40,0.914645,-3.719166666666666
198,U1000004,2022-11-17,19,41,2.360581666666666,0.7048333333333329
199,U1000004,2022-11-17,19,42,1.4353633333333329,-2.829833333333333
200,U1000004,2022-11-17,19,43,3.1806300000000003,1.2256666666666673
201,U1000004,2022-11-17,19,44,1.5655383333333337,-1.5711666666666666
202,U1000004,2022-11-17,19,45,1.4765750000000002,-3.8278333333333334
203,U1000004,2022-11-17,19,46,3.7099149999999987,9.878333333333327
204,U1000004,2022-11-17,19,47,3.28806,8.420333333333332
205,U1000004,2022-11-17,19,48,1.865763333333333,2.8283333333333327
206,U1000004,2022-11-17,19,49,2.458784999999999,-0.6611666666666668
207,U1000004,2022-11-17,19,50,1.9610333333333334,0.22233333333333333
208,U1000004,2022-11-17,19,51,3.0531549999999994,3.2764999999999995
209,U1000004,2022-11-17,19,52,2.931984999999999,0.9081666666666668
210,U1000004,2022-11-17,19,53,1.54414,-6.532999999999999
211,U1000004,2022-11-17,19,54,3.3472983333333346,-2.4538333333333333
212,U1000004,2022-11-17,19,55,2.846620000000001,-1.7671666666666672
213,U1000004,2022-11-17,19,56,2.331973333333334,-2.556
214,U1000004,2022-11-17,19,57,3.274776666666666,-0.11933333333333337
215,U1000004,2022-11-17,19,58,2.7308533333333336,-0.24166666666666667
216,U1000004,2022-11-17,19,59,3.0727516666666674,-0.05516666666666667
217,U1000004,2022-11-17,20,0,2.5900883333333327,-0.5986666666666666
218,U1000004,2022-11-17,20,1,2.482661666666666,0.004666666666666666
219,U1000004,2022-11-17,20,4,2.452255,-0.0335
220,U1000004,2022-11-17,20,6,2.631311666666666,-0.22633333333333333
221,U1000004,2022-11-17,20,7,2.6482,-0.18433333333333332
222,U1000004,2022-11-17,20,8,1.7612599999999998,0.19683333333333336
223,U1000004,2022-11-17,20,11,2.8986499999999995,-0.12766666666666662
224,U1000004,2022-11-17,20,15,2.8056350000000005,-0.06133333333333333
225,U1000004,2022-11-17,20,16,2.6574300000000006,-0.1610000000000001
226,U1000004,2022-11-17,20,17,2.9083333333333328,0.04683333333333333
227,U1000004,2022-11-17,20,18,1.9259033333333344,0.9313333333333325
228,U1000004,2022-11-17,20,19,0.7175666666666667,-0.23433333333333323
229,U1000010,2022-11-19,5,35,0.5569783333333336,0.8958333333333331
230,U1000010,2022-11-19,5,36,1.1139600000000003,0.3225
231,U1000010,2022-11-19,5,37,0.6707333333333335,-0.4761666666666666
232,U1000010,2022-11-19,5,38,0.6515549999999999,0.15333333333333332
233,U1000010,2022-11-19,5,39,0.8271333333333333,0.5261666666666666
234,U1000010,2022-11-19,5,40,0.5108533333333333,-1.8156666666666665
235,U1000010,2022-11-19,5,41,0.875578333333333,1.2816666666666665
236,U1000010,2022-11-19,5,42,0.804655,-0.21383333333333357
237,U1000010,2022-11-19,5,43,1.7519383333333332,2.4788333333333337
238,U1000010,2022-11-19,5,44,0.45988333333333337,-1.3426666666666665
239,U1000010,2022-11-19,5,45,1.4166616666666663,0.3640000000000001
240,U1000010,2022-11-19,5,48,1.6930266666666665,0.04333333333333354
241,U1000010,2022-11-19,5,49,1.3810066666666665,0.34616666666666673
242,U1000010,2022-11-19,5,50,2.1604700000000006,1.2011666666666667
243,U1000010,2022-11-19,5,51,2.1133700000000006,2.692333333333334
244,U1000010,2022-11-19,5,52,1.3963183333333336,1.932833333333334
245,U1000010,2022-11-19,5,53,1.26647,-0.13450000000000004
246,U1000010,2022-11-19,5,54,1.0116316666666672,0.13283333333333344
247,U1000010,2022-11-19,5,56,1.6482566666666665,0.7795
248,U1000010,2022-11-19,5,57,1.536821666666667,1.1366666666666667
249,U1000010,2022-11-19,5,58,2.0691816666666663,4.711166666666665
250,U1000010,2022-11-19,5,59,2.517826666666667,7.092499999999999
251,U1000010,2022-11-19,6,0,2.231396666666667,7.829333333333334
252,U1000010,2022-11-19,6,1,2.243606666666667,6.0075
253,U1000010,2022-11-19,6,2,2.2216999999999985,5.612666666666667
254,U1000010,2022-11-19,6,3,1.7947666666666664,3.697833333333334
255,U1000010,2022-11-19,6,4,1.842055,4.195333333333333
256,U1000010,2022-11-19,6,5,1.9986433333333327,4.466833333333333
257,U1000010,2022-11-19,6,6,1.7048466666666664,3.3335000000000004
258,U1000010,2022-11-19,6,7,1.7397316666666665,2.7093333333333334
259,U1000003,2022-11-19,6,8,3.1726111111111104,0.5157407407407407
260,U1000010,2022-11-19,6,8,0.6903116666666664,-0.052333333333333475
261,U1000003,2022-11-19,6,9,2.9483533333333334,1.2545
262,U1000010,2022-11-19,6,9,1.4242216666666663,-0.4888333333333335
263,U1000003,2022-11-19,6,10,3.6539100000000007,2.2865
264,U1000010,2022-11-19,6,10,1.5815900000000003,2.6305000000000005
265,U1000003,2022-11-19,6,11,2.7405349999999995,-0.861
266,U1000010,2022-11-19,6,11,2.0932216666666674,2.8951666666666673
267,U1000003,2022-11-19,6,12,2.9837400000000005,0.006166666666666664
268,U1000010,2022-11-19,6,12,2.162598333333334,6.3855
269,U1000003,2022-11-19,6,13,3.226331666666667,0.006000000000000004
270,U1000010,2022-11-19,6,13,2.052905,6.2414999999999985
271,U1000003,2022-11-19,6,14,1.7984574999999998,-0.35425
272,U1000010,2022-11-19,6,14,2.160076666666667,7.01
273,U1000003,2022-11-19,6,15,3.1487683333333334,0.1455
274,U1000010,2022-11-19,6,15,2.98895,7.5725
275,U1000003,2022-11-19,6,16,3.0596700000000006,0.5761666666666666
276,U1000010,2022-11-19,6,16,0.8042616666666664,4.583833333333335
277,U1000010,2022-11-19,6,17,0.6420549999999999,-2.944166666666666
278,U1000003,2022-11-19,6,18,3.3065916666666673,0.13783333333333334
279,U1000004,2022-11-19,6,18,2.683558333333334,2.489333333333333
280,U1000010,2022-11-19,6,18,1.5980600000000005,2.012833333333334
281,U1000003,2022-11-19,6,19,3.1773650000000004,0.07533333333333334
282,U1000004,2022-11-19,6,19,3.5144116666666676,5.991666666666669
283,U1000010,2022-11-19,6,19,0.10335925925925923,-1.778148148148148
284,U1000003,2022-11-19,6,20,4.036838333333334,2.6348333333333334
285,U1000004,2022-11-19,6,20,2.822516666666666,2.4356666666666666
286,U1000010,2022-11-19,6,20,0.11762307692307691,-2.282884615384615
287,U1000003,2022-11-19,6,21,3.806791666666664,5.386833333333334
288,U1000004,2022-11-19,6,21,2.474775,1.2990000000000004
289,U1000010,2022-11-19,6,21,1.412991666666666,-0.6349999999999998
290,U1000003,2022-11-19,6,22,4.014821666666667,2.4378333333333337
291,U1000004,2022-11-19,6,22,2.669593333333334,1.734
292,U1000003,2022-11-19,6,23,3.029826666666666,0.8711666666666663
293,U1000004,2022-11-19,6,23,3.563291666666665,4.790166666666667
294,U1000010,2022-11-19,6,23,0.9779066666666666,-1.013666666666667
295,U1000003,2022-11-19,6,24,3.666255000000001,1.9611666666666672
296,U1000004,2022-11-19,6,24,3.7840066666666665,5.563166666666668
297,U1000010,2022-11-19,6,24,1.3288783333333336,0.4449999999999998
298,U1000003,2022-11-19,6,25,4.493413333333335,5.599166666666666
299,U1000004,2022-11-19,6,25,3.4328866666666666,6.947166666666666
300,U1000010,2022-11-19,6,25,1.0449599999999999,-0.6016666666666665
301,U1000003,2022-11-19,6,26,4.176749999999999,6.024999999999999
302,U1000004,2022-11-19,6,26,3.4288266666666667,6.998499999999998
303,U1000010,2022-11-19,6,26,0.5011616666666667,-4.4906666666666695
304,U1000003,2022-11-19,6,27,3.7218116666666665,6.655666666666667
305,U1000004,2022-11-19,6,27,4.183784999999999,7.4403333333333315
306,U1000010,2022-11-19,6,27,3.124221666666667,4.777333333333335
307,U1000000,2022-11-19,6,28,1.5587499999999996,0.42850000000000016
308,U1000003,2022-11-19,6,28,3.6323033333333337,6.552666666666666
309,U1000004,2022-11-19,6,28,4.867111666666667,4.621333333333334
310,U1000010,2022-11-19,6,28,1.4982550000000001,5.854166666666666
311,U1000003,2022-11-19,6,29,4.110289999999998,7.272666666666664
312,U1000004,2022-11-19,6,29,0.3488766666666668,1.3054999999999999
313,U1000010,2022-11-19,6,29,0.7100750000000001,0.4156666666666668
314,U1000003,2022-11-19,6,30,3.7705749999999996,4.543999999999998
315,U1000004,2022-11-19,6,30,1.5959466666666668,-2.127666666666667
316,U1000010,2022-11-19,6,30,0.029649999999999996,-1.8096666666666668
317,U1000003,2022-11-19,6,31,2.908846666666667,-1.9553333333333327
318,U1000004,2022-11-19,6,31,4.223421666666665,-0.2596666666666666
319,U1000010,2022-11-19,6,31,0.15871833333333338,-4.0873333333333335
320,U1000000,2022-11-19,6,32,1.3482142857142858,0.005714285714285714
321,U1000003,2022-11-19,6,32,3.3666683333333345,0.13366666666666663
322,U1000004,2022-11-19,6,32,3.0232,-0.316333333333333
323,U1000010,2022-11-19,6,32,0.354265,-3.1618333333333326
324,U1000003,2022-11-19,6,33,2.8419700000000003,-0.5155
325,U1000004,2022-11-19,6,33,3.586931666666667,-0.061000000000000054
326,U1000010,2022-11-19,6,33,2.579261666666666,7.107500000000001
327,U1000003,2022-11-19,6,34,3.9755133333333337,0.4225000000000001
328,U1000004,2022-11-19,6,34,3.251356666666667,-2.6033333333333326
329,U1000010,2022-11-19,6,34,1.7381783333333334,5.687166666666667
330,U1000003,2022-11-19,6,35,2.2693416666666666,-4.411833333333331
331,U1000004,2022-11-19,6,35,3.7878366666666663,0.6876666666666666
332,U1000010,2022-11-19,6,35,2.842638333333334,9.085833333333333
333,U1000003,2022-11-19,6,36,5.114198333333335,4.042499999999999
334,U1000004,2022-11-19,6,36,3.3677949999999988,3.9668333333333354
335,U1000010,2022-11-19,6,36,2.1664750000000006,7.545666666666667
336,U1000003,2022-11-19,6,37,2.817278333333333,1.796166666666666
337,U1000004,2022-11-19,6,37,0.6083333333333334,-4.630166666666665
338,U1000010,2022-11-19,6,37,1.69903,3.6781666666666664
339,U1000003,2022-11-19,6,38,1.7497866666666666,-5.104
340,U1000004,2022-11-19,6,38,3.3011266666666677,-2.8511666666666673
341,U1000010,2022-11-19,6,38,1.3284916666666664,2.8268333333333335
342,U1000003,2022-11-19,6,39,2.3047316666666675,-3.0483333333333347
343,U1000004,2022-11-19,6,39,4.040088333333334,6.7015
344,U1000010,2022-11-19,6,39,1.0806200000000004,0.12550000000000003
345,U1000003,2022-11-19,6,40,4.116456666666666,6.936166666666667
346,U1000004,2022-11-19,6,40,5.4754433333333346,8.085499999999998
347,U1000010,2022-11-19,6,40,1.4699533333333332,1.6039999999999999
348,U1000003,2022-11-19,6,41,4.189293333333334,7.807333333333334
349,U1000004,2022-11-19,6,41,5.415320000000001,3.7569999999999983
350,U1000010,2022-11-19,6,41,2.665501666666666,3.506166666666667
351,U1000003,2022-11-19,6,42,3.450205,6.430500000000001
352,U1000004,2022-11-19,6,42,4.033333333333333,0.6271666666666665
353,U1000010,2022-11-19,6,42,0.49438333333333334,-1.5844999999999998
354,U1000003,2022-11-19,6,43,3.4971116666666666,2.9344999999999994
355,U1000004,2022-11-19,6,43,4.061256666666667,2.4945000000000004
356,U1000010,2022-11-19,6,43,2.9937950000000004,5.012833333333332
357,U1000003,2022-11-19,6,44,2.8337416666666666,0.35999999999999993
358,U1000004,2022-11-19,6,44,1.348653333333334,-1.2444999999999997
359,U1000010,2022-11-19,6,44,1.2495419999999993,5.5434
360,U1000003,2022-11-19,6,45,3.8718066666666675,2.1703333333333332
361,U1000004,2022-11-19,6,45,6.068693333333332,4.830166666666666
362,U1000003,2022-11-19,6,46,2.606793333333333,-0.28216666666666734
363,U1000004,2022-11-19,6,46,0.37499833333333343,0.1634999999999998
364,U1000010,2022-11-19,6,46,0.8574799999999999,0.31400000000000006
365,U1000003,2022-11-19,6,47,4.381681666666667,5.150666666666667
366,U1000004,2022-11-19,6,47,0.25247499999999995,0.55
367,U1000010,2022-11-19,6,47,1.2003833333333331,1.3580000000000003
368,U1000003,2022-11-19,6,48,1.8227055555555565,4.578611111111111
369,U1000010,2022-11-19,6,48,1.2883799999999999,-0.49033333333333334
370,U1000010,2022-11-19,6,49,0.5482550000000002,-1.6316666666666668
371,U1000004,2022-11-19,6,50,0.6461733333333334,0.06283333333333332
372,U1000010,2022-11-19,6,50,0.0,-5.589999999999999
373,U1000003,2022-11-19,6,51,3.081678333333333,-0.06283333333333307
374,U1000004,2022-11-19,6,51,2.5484200000000006,0.13916666666666633
375,U1000010,2022-11-19,6,51,0.32829666666666657,-3.422666666666666
376,U1000003,2022-11-19,6,52,3.0742749999999996,-0.7353333333333332
377,U1000004,2022-11-19,6,52,2.1653200000000004,-0.5426666666666665
378,U1000010,2022-11-19,6,52,1.315506666666667,-0.508
379,U1000003,2022-11-19,6,53,2.7349766666666655,-3.9633333333333334
380,U1000004,2022-11-19,6,53,2.0961683333333325,-3.9383333333333326
381,U1000010,2022-11-19,6,53,0.17248000000000005,-2.035833333333333
382,U1000000,2022-11-19,6,54,2.5810416666666667,0.051666666666666645
383,U1000003,2022-11-19,6,54,0.5393016666666665,-4.063833333333332
384,U1000004,2022-11-19,6,54,0.7828816666666667,-4.066666666666666
385,U1000010,2022-11-19,6,54,1.6153066666666667,-0.4195
386,U1000003,2022-11-19,6,55,1.9037016666666668,-0.7969999999999999
387,U1000004,2022-11-19,6,55,2.2058566666666675,-0.7233333333333332
388,U1000010,2022-11-19,6,55,0.9511616666666666,-0.39549999999999996
389,U1000000,2022-11-19,6,56,3.6177083333333324,0.9708333333333332
390,U1000003,2022-11-19,6,56,1.5267466666666667,-1.9491666666666678
391,U1000004,2022-11-19,6,56,0.6495466666666667,-1.5788333333333335
392,U1000010,2022-11-19,6,56,2.743993333333332,2.935166666666667
393,U1000000,2022-11-19,6,57,2.3510416666666667,-0.24383333333333337
394,U1000003,2022-11-19,6,57,1.4495949999999997,-0.43799999999999994
395,U1000004,2022-11-19,6,57,3.247746666666667,-0.18233333333333332
396,U1000010,2022-11-19,6,57,1.2405016666666666,2.7713333333333336
397,U1000000,2022-11-19,6,58,3.187708333333333,0.965333333333334
398,U1000003,2022-11-19,6,58,3.146506666666667,1.2113333333333332
399,U1000004,2022-11-19,6,58,3.6222983333333336,0.9750000000000001
400,U1000010,2022-11-19,6,58,1.250005,0.26500000000000007
401,U1000000,2022-11-19,6,59,2.2199999999999993,-0.8829999999999993
402,U1000003,2022-11-19,6,59,3.513990000000001,2.395833333333334
403,U1000004,2022-11-19,6,59,3.5463999999999976,2.4595
404,U1000010,2022-11-19,6,59,1.1065900000000004,-0.8603333333333334
405,U1000000,2022-11-19,7,0,1.836666666666667,-0.6493333333333333
406,U1000003,2022-11-19,7,0,2.327371666666667,-0.5305
407,U1000004,2022-11-19,7,0,2.233781666666667,-0.45899999999999996
408,U1000010,2022-11-19,7,0,2.363374999999999,0.46899999999999986
409,U1000000,2022-11-19,7,1,2.4264583333333323,0.1958333333333334
410,U1000003,2022-11-19,7,1,3.2471233333333327,0.019833333333333324
411,U1000004,2022-11-19,7,1,3.5362600000000004,-0.13500000000000037
412,U1000010,2022-11-19,7,1,0.20794500000000002,-1.5665
413,U1000000,2022-11-19,7,2,2.5995833333333334,-0.8465
414,U1000003,2022-11-19,7,2,2.5934133333333342,-1.2171666666666672
415,U1000004,2022-11-19,7,2,2.680403333333334,-1.2555
416,U1000010,2022-11-19,7,2,1.996901666666667,0.36916666666666664
417,U1000000,2022-11-19,7,3,3.444791666666667,1.506333333333334
418,U1000003,2022-11-19,7,3,6.503910000000002,-0.12316666666666679
419,U1000004,2022-11-19,7,3,5.671176666666666,0.08066666666666661
420,U1000010,2022-11-19,7,3,2.232556666666666,0.006500000000000313
421,U1000000,2022-11-19,7,4,1.9054054054054055,0.8870270270270267
422,U1000003,2022-11-19,7,4,1.4938300000000002,-1.1901666666666664
423,U1000004,2022-11-19,7,4,3.61576,-1.5640000000000003
424,U1000010,2022-11-19,7,4,0.6321716666666665,-1.5801666666666665
425,U1000010,2022-11-19,7,5,0.03139000000000001,-1.917
426,U1000003,2022-11-19,7,6,2.2244654545454545,0.0047272727272727275
427,U1000004,2022-11-19,7,6,2.5646400000000007,0.39
428,U1000010,2022-11-19,7,6,1.9231259259259261,0.4912962962962963
429,U1000003,2022-11-19,7,7,2.2191316666666663,0.7895
430,U1000004,2022-11-19,7,7,1.8058583333333331,0.5706666666666667
431,U1000010,2022-11-19,7,7,1.7279066666666665,0.9986666666666667
432,U1000000,2022-11-19,7,8,2.4213235294117643,-0.13235294117647056
433,U1000003,2022-11-19,7,8,1.9327116666666662,0.5566666666666666
434,U1000004,2022-11-19,7,8,2.1335566666666668,0.6453333333333333
435,U1000010,2022-11-19,7,8,1.4823616666666666,0.564
436,U1000000,2022-11-19,7,9,1.6887500000000009,-1.42
437,U1000003,2022-11-19,7,9,2.0226316666666677,1.0206666666666668
438,U1000004,2022-11-19,7,9,2.092111666666667,1.0108333333333337
439,U1000010,2022-11-19,7,9,1.4930183333333336,1.2028333333333334
440,U1000000,2022-11-19,7,10,3.23375,1.2123333333333337
441,U1000003,2022-11-19,7,10,0.0,1.7923076923076922
442,U1000004,2022-11-19,7,10,0.01892,0.5048333333333332
443,U1000010,2022-11-19,7,10,0.19027272727272726,1.9036363636363636
444,U1000000,2022-11-19,7,11,2.2008333333333336,-0.2954999999999998
445,U1000003,2022-11-19,7,11,2.1882000000000006,0.9993333333333333
446,U1000004,2022-11-19,7,11,1.5954983333333337,0.8248333333333333
447,U1000010,2022-11-19,7,11,1.471689130434783,0.1341304347826087
448,U1000000,2022-11-19,7,12,2.6714583333333333,0.5066666666666666
449,U1000003,2022-11-19,7,12,1.0205766666666667,-1.0705000000000002
450,U1000004,2022-11-19,7,12,1.229953333333333,-0.9448333333333331
451,U1000010,2022-11-19,7,12,0.6498016666666669,-0.3576666666666664
452,U1000000,2022-11-19,7,13,3.2279166666666668,1.1248333333333336
453,U1000003,2022-11-19,7,13,1.9425950000000003,-0.41383333333333344
454,U1000004,2022-11-19,7,13,2.3047333333333326,-0.25850000000000034
455,U1000010,2022-11-19,7,13,1.6346916666666664,-0.4118333333333332
456,U1000000,2022-11-19,7,14,1.6927083333333335,-0.8616666666666666
457,U1000003,2022-11-19,7,14,2.402053333333334,0.9486666666666664
458,U1000004,2022-11-19,7,14,2.6326599999999996,1.0583333333333336
459,U1000010,2022-11-19,7,14,1.8680299999999996,1.0563333333333331
460,U1000000,2022-11-19,7,15,2.5993749999999993,0.31400000000000006
461,U1000003,2022-11-19,7,15,2.0399166666666666,0.6411666666666667
462,U1000004,2022-11-19,7,15,2.4011266666666673,0.7286666666666665
463,U1000010,2022-11-19,7,15,1.4503833333333331,0.09566666666666662
464,U1000000,2022-11-19,7,16,2.3695833333333334,-0.7709999999999998
465,U1000003,2022-11-19,7,16,5.091566666666665,4.792166666666666
466,U1000004,2022-11-19,7,16,3.940315000000002,6.692666666666669
467,U1000010,2022-11-19,7,16,3.4213216666666675,7.231
468,U1000000,2022-11-19,7,17,3.0906249999999997,-0.10400000000000001
469,U1000003,2022-11-19,7,17,1.4216016666666675,-2.090666666666667
470,U1000004,2022-11-19,7,17,1.60428,-0.8546666666666667
471,U1000010,2022-11-19,7,17,1.0563999999999996,0.35349999999999976
472,U1000000,2022-11-19,7,18,2.1077083333333326,-0.30483333333333335
473,U1000003,2022-11-19,7,18,2.323043333333333,-0.0986666666666669
474,U1000004,2022-11-19,7,18,2.4894183333333335,-2.408666666666667
475,U1000010,2022-11-19,7,18,0.3893433333333333,-2.3721666666666676
476,U1000000,2022-11-19,7,19,1.4010416666666665,-0.0011666666666666676
477,U1000003,2022-11-19,7,19,1.1745249999999996,0.3995454545454545
478,U1000004,2022-11-19,7,19,3.0162166666666663,0.9116666666666666
479,U1000010,2022-11-19,7,19,1.7846816666666667,0.4473333333333333
480,U1000004,2022-11-19,7,20,0.32410000000000005,0.11383333333333333
481,U1000010,2022-11-19,7,20,0.10747837837837843,0.03459459459459459
482,U1000000,2022-11-19,7,21,4.042916666666668,0.1559999999999999
483,U1000003,2022-11-19,7,34,2.511933333333333,-0.01866666666666667
484,U1000003,2022-11-19,7,36,2.8971216666666666,-0.3931666666666666
485,U1000004,2022-11-19,7,36,1.4626049999999995,-0.24483333333333332
486,U1000003,2022-11-19,7,37,2.533963333333333,-0.16616666666666666
487,U1000004,2022-11-19,7,37,1.6763500000000002,-0.3053333333333333
488,U1000004,2022-11-19,7,38,2.2927933333333335,-0.09416666666666666
489,U1000003,2022-11-19,7,39,2.7683116666666665,-0.11166666666666668
490,U1000003,2022-11-19,7,40,3.010708333333334,-0.09783333333333324
491,U1000004,2022-11-19,7,40,1.8299550000000002,-0.23083333333333333
492,U1000003,2022-11-19,7,41,1.5512316666666668,-0.19233333333333333
493,U1000004,2022-11-19,7,41,1.5369433333333336,-0.478
494,U1000003,2022-11-19,7,42,1.6290199999999995,-0.08533333333333334
495,U1000004,2022-11-19,7,42,1.585358333333333,-0.08666666666666666
496,U1000003,2022-11-19,7,43,2.574898333333334,0.03550000000000001
497,U1000004,2022-11-19,7,43,2.297748333333333,-0.02283333333333331
498,U1000000,2022-11-19,7,44,3.158749999999999,-0.17966666666666672
499,U1000003,2022-11-19,7,44,1.4168700000000003,1.4544999999999997
500,U1000004,2022-11-19,7,44,1.5171216666666665,1.3673333333333333
501,U1000000,2022-11-19,7,45,2.0585416666666667,-0.2276666666666666
502,U1000003,2022-11-19,7,45,0.0987714285714286,1.992857142857143
503,U1000004,2022-11-19,7,45,0.14076666666666668,0.5333333333333334
504,U1000000,2022-11-19,7,46,4.498958333333334,3.0545000000000004
505,U1000000,2022-11-19,7,47,5.128958333333336,6.978833333333334
506,U1000003,2022-11-19,7,47,2.6495850000000005,0.3956666666666666
507,U1000004,2022-11-19,7,47,2.588516666666667,0.3891666666666666
508,U1000000,2022-11-19,7,48,3.3854166666666665,1.2109999999999996
509,U1000003,2022-11-19,7,48,3.0541099999999997,3.007333333333332
510,U1000004,2022-11-19,7,48,2.9725233333333336,2.7845
511,U1000000,2022-11-19,7,49,2.955416666666667,-1.5824999999999998
512,U1000003,2022-11-19,7,49,2.4602899999999983,1.7876666666666663
513,U1000004,2022-11-19,7,49,2.4680200000000005,2.1221666666666663
514,U1000000,2022-11-19,7,50,3.967083333333334,0.6843333333333333
515,U1000003,2022-11-19,7,50,2.6895100000000007,0.21483333333333327
516,U1000004,2022-11-19,7,50,2.512388333333334,0.2391666666666667
517,U1000010,2022-11-19,7,50,0.41473333333333323,-0.44783333333333336
518,U1000000,2022-11-19,7,51,4.098333333333334,2.381333333333333
519,U1000003,2022-11-19,7,51,2.835393333333333,0.04349999999999994
520,U1000004,2022-11-19,7,51,2.4445983333333334,0.04283333333333334
521,U1000000,2022-11-19,7,52,3.313125000000001,1.0450000000000004
522,U1000003,2022-11-19,7,52,3.387246666666667,1.6491666666666667
523,U1000004,2022-11-19,7,52,3.1013516666666665,1.5328333333333333
524,U1000000,2022-11-19,7,53,4.428333333333332,3.404166666666667
525,U1000003,2022-11-19,7,53,3.402466666666666,2.809833333333333
526,U1000004,2022-11-19,7,53,3.182656666666667,2.639500000000001
527,U1000000,2022-11-19,7,54,3.284166666666666,2.9400000000000004
528,U1000003,2022-11-19,7,54,3.8849850000000004,7.791333333333335
529,U1000004,2022-11-19,7,54,3.741441666666666,7.581333333333335
530,U1000010,2022-11-19,7,54,1.291085,-0.04533333333333332
531,U1000000,2022-11-19,7,55,3.7179166666666674,2.614666666666667
532,U1000003,2022-11-19,7,55,3.3786033333333325,7.523833333333332
533,U1000004,2022-11-19,7,55,3.909461666666667,6.822
534,U1000010,2022-11-19,7,55,1.0067866666666665,-0.030999999999999996
535,U1000000,2022-11-19,7,56,2.2329081632653063,0.24428571428571422
536,U1000003,2022-11-19,7,56,3.529220000000001,5.603666666666666
537,U1000004,2022-11-19,7,56,4.31802,5.4025
538,U1000000,2022-11-19,7,57,2.449583333333334,-0.5335
539,U1000003,2022-11-19,7,57,3.322226666666666,4.421166666666666
540,U1000004,2022-11-19,7,57,3.674095,3.7631666666666668
541,U1000010,2022-11-19,7,57,0.7277133333333333,-0.13566666666666666
542,U1000000,2022-11-19,7,58,1.7700000000000007,-2.1126666666666662
543,U1000003,2022-11-19,7,58,3.2954683333333334,3.833666666666667
544,U1000004,2022-11-19,7,58,3.6225249999999996,3.8380000000000005
545,U1000010,2022-11-19,7,58,1.1895366666666665,-0.048666666666666684
546,U1000000,2022-11-19,7,59,2.443560606060606,-0.4672727272727272
547,U1000003,2022-11-19,7,59,3.3220183333333337,3.801166666666666
548,U1000004,2022-11-19,7,59,4.346846666666666,3.283666666666667
549,U1000000,2022-11-19,8,0,3.3775,0.07083333333333316
550,U1000003,2022-11-19,8,0,2.809671666666667,2.801166666666667
551,U1000004,2022-11-19,8,0,0.9150916666666664,-0.1531666666666666
552,U1000010,2022-11-19,8,0,1.3461249999999998,-0.18583333333333335
553,U1000000,2022-11-19,8,1,2.6972916666666666,0.9208333333333332
554,U1000003,2022-11-19,8,1,1.2937139534883724,-0.5646511627906977
555,U1000000,2022-11-19,8,2,1.8206521739130428,-2.2017391304347824
556,U1000003,2022-11-19,8,2,2.871193333333333,0.05333333333333334
557,U1000004,2022-11-19,8,2,2.7878416666666666,0.3248333333333333
558,U1000010,2022-11-19,8,2,1.6870183333333335,-0.1441666666666667
559,U1000000,2022-11-19,8,3,4.30070754716981,0.9386792452830188
560,U1000003,2022-11-19,8,3,2.647121666666666,2.0749999999999997
561,U1000004,2022-11-19,8,3,2.773201666666666,2.367
562,U1000010,2022-11-19,8,3,1.304188,-0.10419999999999999
563,U1000000,2022-11-19,8,4,2.485,0.8260000000000001
564,U1000003,2022-11-19,8,4,4.339091666666667,6.3726666666666665
565,U1000004,2022-11-19,8,4,4.294596666666665,6.106833333333333
566,U1000000,2022-11-19,8,5,3.4783333333333326,-4.024500000000001
567,U1000003,2022-11-19,8,5,4.201436666666666,6.6804999999999986
568,U1000004,2022-11-19,8,5,4.261486666666669,7.0859999999999985
569,U1000000,2022-11-19,8,6,2.405208333333333,-0.06599999999999999
570,U1000003,2022-11-19,8,6,2.6991749999999994,-0.7756666666666668
571,U1000004,2022-11-19,8,6,3.5729783333333334,0.0035000000000001558
572,U1000000,2022-11-19,8,7,1.3270833333333334,0.4651666666666666
573,U1000003,2022-11-19,8,7,4.381898333333335,3.0249999999999995
574,U1000004,2022-11-19,8,7,3.251353333333334,-0.21483333333333363
575,U1000000,2022-11-19,8,8,1.867708333333333,0.023500000000000066
576,U1000003,2022-11-19,8,8,1.9541149999999998,0.11016666666666641
577,U1000004,2022-11-19,8,8,5.726576666666666,5.148833333333333
578,U1000003,2022-11-19,8,9,4.5668733333333345,9.146000000000003
579,U1000004,2022-11-19,8,9,3.6542783333333335,2.9379999999999993
580,U1000003,2022-11-19,8,10,3.4997916666666664,2.5030000000000006
581,U1000004,2022-11-19,8,10,2.988735,-1.3140000000000003
582,U1000003,2022-11-19,8,11,1.8092599999999999,-2.978499999999999
583,U1000004,2022-11-19,8,11,2.0486483333333325,-0.7319999999999995
584,U1000003,2022-11-19,8,12,3.0485583333333337,-0.828166666666666
585,U1000004,2022-11-19,8,12,3.539861666666666,-0.25766666666666693
586,U1000010,2022-11-19,8,12,0.8544566666666666,0.1568333333333334
587,U1000003,2022-11-19,8,13,3.8360133333333324,0.7440000000000002
588,U1000004,2022-11-19,8,13,2.3993249999999997,-0.9541666666666667
589,U1000003,2022-11-19,8,14,2.3294266666666674,-1.3258333333333332
590,U1000004,2022-11-19,8,14,3.029506666666667,-2.752999999999999
591,U1000003,2022-11-19,8,15,3.066048333333333,-2.2786666666666666
592,U1000004,2022-11-19,8,15,5.960131666666667,9.281000000000004
593,U1000003,2022-11-19,8,16,4.1016483333333325,8.741166666666667
594,U1000004,2022-11-19,8,16,2.945946666666666,0.6965000000000001
595,U1000003,2022-11-19,8,17,3.643411666666667,6.187666666666667
596,U1000003,2022-11-19,8,18,2.769548333333333,-0.9446666666666672
597,U1000004,2022-11-19,8,18,4.397973333333334,2.414333333333333
598,U1000003,2022-11-19,8,19,2.460083333333334,0.2781666666666667
599,U1000004,2022-11-19,8,19,0.7029300000000004,-6.0104999999999995
600,U1000003,2022-11-19,8,20,3.7961859649122798,4.826491228070175
601,U1000004,2022-11-19,8,20,2.4121600000000005,-2.695666666666667
602,U1000010,2022-11-19,8,20,1.5587833333333332,2.2800000000000002
603,U1000003,2022-11-19,8,21,1.2753745762711866,-4.122711864406781
604,U1000004,2022-11-19,8,21,3.3423466666666664,-2.6631666666666667
605,U1000003,2022-11-19,8,22,2.0635833333333333,-5.634666666666667
606,U1000004,2022-11-19,8,22,4.785135,-1.0581666666666667
607,U1000003,2022-11-19,8,23,2.923871666666667,-1.5215
608,U1000004,2022-11-19,8,23,3.481081666666667,-0.186
609,U1000003,2022-11-19,8,24,3.037039999999999,-3.1861666666666677
610,U1000004,2022-11-19,8,24,4.524546666666668,-0.37166666666666665
611,U1000003,2022-11-19,8,25,3.567278333333333,-0.14683333333333326
612,U1000004,2022-11-19,8,25,4.8072050000000015,-0.28283333333333327
613,U1000003,2022-11-19,8,26,3.33169,-0.2851666666666667
614,U1000004,2022-11-19,8,26,1.498876666666667,0.4488333333333333
615,U1000003,2022-11-19,8,27,3.608025,-0.5378333333333333
616,U1000004,2022-11-19,8,27,0.0,-0.018235294117647065
617,U1000003,2022-11-19,8,28,2.5781883333333337,-0.49350000000000027
618,U1000003,2022-11-19,8,29,2.1374840909090915,-0.006136363636363633
619,U1000003,2022-11-19,9,2,3.3823049999999992,0.3511666666666666
620,U1000003,2022-11-19,9,3,3.4934150000000006,1.2739999999999996
621,U1000003,2022-11-19,9,4,3.0829300000000006,-1.7023333333333328
622,U1000003,2022-11-19,9,5,2.102463333333333,-1.1578333333333335
623,U1000004,2022-11-19,9,11,2.8928000000000003,-0.033499999999999995
624,U1000004,2022-11-19,9,12,2.59933,-0.040833333333333326
625,U1000004,2022-11-19,9,13,2.394376666666666,-0.41366666666666674
626,U1000004,2022-11-19,9,14,0.6220733333333334,-0.31249999999999994
627,U1000004,2022-11-19,9,16,2.9459483333333334,-0.1721666666666667
628,U1000004,2022-11-19,9,17,2.926120000000001,-0.38566666666666666
629,U1000004,2022-11-19,9,18,2.767346666666667,-0.3129999999999999
630,U1000004,2022-11-19,9,20,3.2063099999999993,1.1911666666666665
631,U1000004,2022-11-19,9,21,0.8202716666666665,0.3501666666666667
632,U1000004,2022-11-19,9,22,2.621176666666667,0.03383333333333333
633,U1000004,2022-11-19,9,23,2.4898616666666658,0.3696666666666666
634,U1000004,2022-11-19,9,24,3.3220716666666665,2.6466666666666656
635,U1000004,2022-11-19,9,25,2.2344549999999996,0.8555000000000001
636,U1000004,2022-11-19,9,26,2.3018066666666663,-0.2936666666666665
637,U1000004,2022-11-19,9,28,4.121395000000001,2.400833333333334
638,U1000004,2022-11-19,9,29,3.5707183333333337,-1.1818333333333335
639,U1000004,2022-11-19,9,30,3.75856,1.9965
640,U1000004,2022-11-19,9,31,3.236943333333334,0.7988333333333333
641,U1000004,2022-11-19,9,32,5.268913333333333,-0.8543333333333332
642,U1000004,2022-11-19,9,34,3.281985,-0.4271666666666668
643,U1000004,2022-11-19,9,35,3.3907700000000003,-0.5023333333333333
644,U1000004,2022-11-19,9,36,3.316671666666666,-0.5868333333333331
645,U1000004,2022-11-19,9,37,2.3707216666666664,-0.3853333333333332
646,U1000004,2022-11-19,9,38,2.2504516666666667,-0.08966666666666667
647,U1000004,2022-11-19,9,39,1.8195933333333334,-0.49750000000000005
648,U1000004,2022-11-19,9,40,2.714645000000001,-0.3723333333333334
649,U1000004,2022-11-19,9,41,3.6718450000000007,1.5280000000000005
650,U1000004,2022-11-19,9,42,1.4416650000000002,-2.2523333333333335
