step,enhanced_speed,cadence,grade,enhanced_altitude,max_heart_rate_perct,power
0,18.0252,65.5,-1.345,43.8,0.6214,0.5625
1,32.65662,46.15,-3.33,34.26666667,0.625825,1.011666667
2,44.70678,83.6,-2.726333333,9.12,0.796555,3.379375
3,40.7055,92.43333333,1.398,7.373333333,0.947971667,6.055625
4,39.68022,88.03333333,-1.010666667,5.633333333,0.955425,2.504583333
5,34.84458,87.4,-0.416333333,4.356666667,0.928476667,2.420208333
6,40.29954,93.85,0.206333333,1.626666667,0.918645,3.424791667
7,36.09756,94.78333333,0.094333333,1.32,0.916636667,2.896875
8,29.6049,87.8,0.083166667,3.456666667,0.89934,2.440208333
9,31.36338,91.98333333,0,4.353333333,0.891018333,3.51
10,26.92302,76.96666667,0.093166667,7.746666667,0.91461,2.395
11,30.03456,94.91666667,0,8.433333333,0.905475,3.269583333
12,30.1302,91.61666667,1.420666667,13.44,0.945675,3.406458333
13,27.76902,91.81666667,1.866166667,18.79666667,0.937255,3.577916667
14,27.7191,30.7,-2.290833333,14.28666667,0.893451667,0.401041667
15,19.51914,81.65,4.170333333,15.53,0.840698333,3.885208333
16,37.83666,88.95,-1.067833333,19.2,0.922346667,2.308333333
17,40.26006,74.85,-0.511666667,11.94333333,0.933221667,3.037916667
18,39.39948,88.41666667,-0.244,7.73,0.911983333,3.086458333
19,38.26476,78.65,-0.331333333,4.66,0.918125,2.599375
20,37.8192,94.68333333,-0.006666667,2.63,0.912406667,3.174583333
21,39.87978,97.55,0.112666667,0.85,0.927076667,3.285208333
22,37.88208,96.33333333,0,1.246666667,0.937168333,2.803541667
23,34.43868,95.91666667,0.065833333,4.68,0.934373333,3.06
24,33.39618,98.11666667,1.06,6.32,0.948755,4.093333333
25,31.56774,56.1,-1.629666667,6.52,0.929793333,1.04625
26,24.40152,69.86666667,0.520333333,2.16,0.843256667,2.162291667
27,22.83744,90.71666667,2.722,10.14333333,0.864226667,3.335416667
28,14.83998,88.78333333,6.232666667,25.47,0.93339,3.871458333
29,19.27731064,92.17021277,3.335531915,38.35744681,0.945393617,3.102393617
30,12.0672,58,0,13,0.6636,1.3625
31,15.18852,65.81666667,1.912833333,15.30333333,0.660671667,1.815625
32,22.19334,72.2,1.563333333,22.84666667,0.762756667,1.529583333
33,24.80886,75.18333333,1.136166667,26.03666667,0.741243333,2.042708333
34,25.13298,66.28333333,-0.471,29.12,0.742306667,1.447083333
35,39.24084,81.36666667,-0.018666667,26.23,0.83859,2.920625
36,36.63144,84.26666667,-0.131,28.94,0.918996667,2.890625
37,31.09482,87.03333333,1.369166667,31.29,0.895923333,3.278958333
38,28.64958,89.25,2.2595,43.00333333,0.940333333,3.706666667
39,29.52576,93.38333333,2.0075,53.31666667,0.950616667,3.4275
40,31.50528,92.81666667,1.059166667,61.91333333,0.949193333,2.99625
41,38.2257,90.05,-0.2065,65.40333333,0.92857,2.137916667
42,42.61926,93.96666667,-0.274333333,57.39333333,0.882486667,2.817916667
43,38.61198,90.38333333,-0.268666667,57.48666667,0.913813333,2.600208333
44,40.68744,89.3,-0.569166667,51.76666667,0.86325,2.551666667
45,38.28204,96.68333333,0.377,53.63,0.950513333,3.531666667
46,41.28978,89.81666667,-0.283333333,53.21,0.973846667,2.910416667
47,42.5541,82.43333333,-0.637666667,45.63666667,0.868261667,1.553541667
48,37.64514,91.16666667,0,44.19,0.851331667,2.712708333
49,37.63614,94.96666667,0,45.44666667,0.894153333,3.412916667
50,36.90006,100.3666667,0.007666667,47.72,0.955961667,3.492708333
51,36.16242,95.91666667,0,49.43666667,0.965013333,3.498958333
52,36.30822,101.3833333,0.224666667,52.44666667,0.970168333,3.484375
53,35.57262,102.1833333,0,54.46333333,0.975973333,3.328333333
54,33.94176,99.26666667,0.106666667,56.57,0.978183333,3.768125
55,33.39834,98.6,0.163666667,60.30333333,0.988966667,3.780416667
56,31.54734,97.93333333,0.812,61.33,0.988863333,3.941666667
57,35.82588,95.7,-0.464,59.23,0.98167,3.238541667
58,34.32444,91.96666667,0.096,60.61666667,0.978963333,2.783125
59,34.5543,93.66666667,0.508,62.25666667,0.950333333,2.732916667
60,33.33528,96.81666667,0.950666667,67.36333333,0.936808333,3.075833333
61,38.65644,85.08333333,-0.9685,66.41666667,0.8974,1.579791667
62,33.35166,80.95,-0.070333333,61.15333333,0.852376667,2.45625
63,20.03304,87.06666667,5.659166667,73.54333333,0.925935,4.479375
64,14.08764,87.85,6.580666667,94.04,0.985536667,3.898541667
65,13.87974,86.9,7.183833333,111.8533333,0.997826667,4.205625
66,14.72676,91.31666667,5.392833333,128.7433333,0.987741667,3.317083333
67,14.9769,90.08333333,5.591666667,143.5266667,0.973686667,3.458958333
68,13.54146,89.86666667,7.646166667,161.3066667,0.986605,4.229166667
69,11.75454,85.81666667,8.065666667,180.5366667,0.998953333,3.744375
70,13.98936,88.83333333,5.127833333,195.5,0.982896667,2.854166667
71,18.31368,84.48333333,2.914333333,205.8933333,0.953578333,2.922291667
72,13.13208,90.26666667,7.753666667,221.28,0.968853333,4.095416667
73,11.67126,88.3,9.0685,241.6333333,1.00292,4.051875
74,14.86266,90.56666667,5.009666667,257.6266667,1.00179,2.905416667
75,25.02768,80.58333333,0.562166667,265.3866667,0.941205,1.403958333
76,37.15866,76.75,-2.853166667,251.8766667,0.872831667,2.038125
77,18.41436,91.01666667,2.714333333,248.1566667,0.868798333,2.936458333
78,26.16432,96.88333333,1.345666667,257.5666667,0.928566667,2.798541667
79,42.92448,102.6333333,-1.406166667,245.43,0.936561667,3.404791667
80,29.8011,99.5,0.913833333,245.6733333,0.948925,3.015208333
81,39.74682,86.3,-2.332833333,239.3666667,0.919968333,1.617083333
82,49.84026,80.9,-2.779333333,216.1033333,0.863785,1.988541667
83,30.32154,84.41666667,1.831833333,209.19,0.875641667,2.748958333
84,52.32906,79.81666667,-3.627333333,189.4766667,0.881173333,1.649583333
85,52.26654,72.91666667,-4.658666667,147.8633333,0.853516667,2.511875
86,18.34314,50.96666667,-3.264,117.29,0.832448333,1.825833333
87,47.56794,83.26666667,-3.557166667,97.18,0.887408333,2.790833333
88,44.53554,85.41666667,-1.463,62.01666667,0.859311667,2.418541667
89,18.7587,89.8,4.188833333,69.93333333,0.899083333,3.442916667
90,21.57816,91.15,2.573166667,82.79333333,0.929718333,2.656875
91,25.5873,99.03333333,1.760833333,88.40666667,0.89056,3.0375
92,18.50742,98.28333333,4.34,102.2966667,0.92408,3.603541667
93,40.28532,77.93333333,-2.643833333,99.39333333,0.903383333,1.264791667
94,48.03162,86.38333333,-2.684833333,72.23333333,0.865903333,3.094375
95,21.22596,88.36666667,4.631666667,69.48666667,0.914088333,3.819583333
96,14.79,88.11666667,5.741,87.26666667,0.95436,3.558958333
97,13.92582,91.61666667,7.063666667,103.9533333,0.959543333,3.993541667
98,16.64256,92.26666667,4.900166667,121.1133333,0.966473333,3.2275
99,20.56092,93.05,2.851333333,134.1,0.953495,2.693125
100,30.40686,85.75,-0.67,134.32,0.901615,2.58125
101,34.9686,86.16666667,-0.467666667,129.3233333,0.870295,2.498333333
102,26.70084,90.96666667,1.665333333,133.3466667,0.896695,2.88375
103,32.10174,85.5,-0.4125,132.2766667,0.877471667,2.155833333
104,22.79412,90.13333333,2.927666667,138.9666667,0.901021667,3.381041667
105,18.62328,93.73333333,4.055666667,151.98,0.926811667,3.386458333
106,19.11408,96.06666667,4.286,166.62,0.939093333,3.547708333
107,20.54898,97.6,3.9415,182.0066667,0.957365,3.668958333
108,25.68876,96.6,2.232333333,195.3866667,0.964825,3.146875
109,24.09702,96.58333333,2.690333333,204.79,0.952536667,3.769166667
110,27.6813,95.25,1.248333333,213.63,0.953683333,2.894375
111,26.32296,98.06666667,2.322666667,223.9266667,0.959991667,3.659791667
112,26.43027692,82.43589744,1.074871795,231.2153846,0.965110256,2.608653846
113,32.30811818,88.75,-0.954318182,228.3818182,0.841931818,2.123579545
114,33.093,88.91666667,-0.012333333,224.98,0.840263333,2.585625
115,35.4468,92.68333333,-0.127,223.3266667,0.864318333,2.315
116,17.71518,87.03333333,4.585333333,230.29,0.897583333,3.4825
117,25.69794,73.46666667,0.721,240.0633333,0.918571667,1.70375
118,62.43792,75.43333333,-5.627333333,196.2566667,0.84386,2.840833333
119,57.93438,86.33333333,-3.9305,134.32,0.905133333,3.736875
120,45.3798,76.8,-1.9445,109.92,0.878088333,1.935833333
121,44.01324,80.95,-1.606333333,94.78333333,0.836136667,2.717916667
122,43.0074,82.78333333,-1.105833333,83.26666667,0.8537,1.674166667
123,38.22312,82.2,-0.748666667,76.38,0.806025,1.924375
124,35.78586,94.43333333,0,73.98,0.860275,2.715416667
125,28.41708,103.5333333,2.344833333,83.67333333,0.927768333,3.87125
126,39.85932,93.73333333,-1.563666667,84.38333333,0.936725,1.994166667
127,45.14826,76.26666667,-3.225833333,58.94,0.836396667,1.883125
128,34.8681,97.03333333,0.202666667,47.03,0.85255,2.895208333
129,31.2117,97.5,0.522166667,49.56333333,0.901438333,2.989791667
130,34.21086,98.81666667,0,51.42333333,0.907055,2.868125
131,37.14144,92.76666667,-0.343166667,49.38,0.900903333,2.399583333
132,32.745,95.06666667,1.017666667,49.66,0.901446667,3.422291667
133,34.6989,85.73333333,-0.635666667,47.42666667,0.882131667,2.037083333
134,23.1213,93.38333333,3.121,55.34333333,0.89073,3.45375
135,18.25626,92.68333333,4.578666667,70.53333333,0.93409,3.536875
136,15.66924,92.43333333,5.076,85.91333333,0.946746667,3.437291667
137,15.54264,91.13333333,5.039666667,100.6566667,0.944643333,3.181041667
138,15.67344,93.75,5.1085,115.31,0.946038333,3.44625
139,14.79594,91.43333333,5.183166667,130.3,0.947898333,3.188541667
140,15.32748,92,5.0555,145.1366667,0.951556667,3.320833333
141,13.84974,92.21666667,5.029666667,158.94,0.95236,2.975208333
142,16.24236,91.9,4.2935,171.6366667,0.944996667,3.174791667
143,19.10424,92.18333333,3.400333333,183.9466667,0.946826667,3.116666667
144,20.35788,92.75,3.237,196.5166667,0.963525,3.39
145,19.27434,92.46666667,3.601333333,209.2833333,0.970678333,3.284583333
146,20.34582,91.81666667,3.270666667,221.9233333,0.970063333,3.320625
147,19.1433,89.41666667,3.708666667,234.5866667,0.970501667,3.510833333
148,20.3208,85.21428571,2.87,246.2190476,0.973938095,2.721428571
149,32.806368,85.6,-1.3402,242.94,0.79787,2.26525
150,49.47444,90.66666667,-3.433833333,221.6133333,0.86449,2.717708333
151,55.07868,80.58333333,-3.629666667,182.77,0.904695,2.156458333
152,48.08088,80.01666667,-2.680166667,155.8266667,0.865635,2.169375
153,54.45912,78.1,-3.293,123.49,0.898288333,2.641041667
154,30.19272,90.06666667,1.528666667,107.97,0.872208333,2.496041667
155,21.13812,93.58333333,2.179833333,117.7166667,0.905848333,2.777916667
156,23.83056,95.06666667,1.768166667,126.9566667,0.923995,2.465
157,30.36306,89.85,0.8555,127.2833333,0.888455,2.779166667
158,37.20126,89.33333333,-0.952,123.8,0.882581667,2.103541667
159,36.44154,95.33333333,-0.600333333,120.7033333,0.904853333,2.83125
160,43.05732,98.38333333,-1.926166667,108.78,0.928401667,2.719166667
161,41.1402,96.51666667,-0.896,90.91,0.92718,2.644791667
162,37.79358,87.05,-0.908666667,86.34333333,0.903805,2.17875
163,50.67024407,73.54237288,-3.166610169,62.45423729,0.826125424,1.959957627
164,30.88674,87.93333333,0.468166667,49.61,0.849563333,2.857708333
165,40.47072,72.58333333,-2.282,37.15,0.862025,1.396666667
166,15.15024,86,5.573166667,43.75,0.893283333,3.433125
167,15.29556,89.86666667,4.05,55.41333333,0.912838333,2.811458333
168,19.0524,97.33333333,3.585333333,68.61333333,0.926098333,2.824791667
169,29.35926,83.68333333,-0.526833333,70.83,0.915478333,2.065625
170,40.00014,78.9,-2.814666667,49.74333333,0.85545,2.830625
171,36.23538,97.78333333,-0.970166667,42.54333333,0.917591667,2.054791667
172,40.6011,93.86666667,-0.9885,27.23666667,0.877206667,2.653541667
173,27.75864,102.7333333,2.020666667,32.41666667,0.920843333,3.291458333
174,21.45942,92.9,2.485833333,44.42,0.943053333,2.419166667
175,39.88602,92.63333333,-1.848166667,36.24666667,0.875023333,1.910625
176,27.56616,100.8333333,1.806,36.52333333,0.883101667,3.1175
177,24.09882,92.78333333,1.143166667,45.83333333,0.920303333,2.066875
178,34.22334,93.9,-0.382,42.51333333,0.870188333,1.970416667
179,31.1721,98.13333333,0,43.34333333,0.879933333,2.603333333
180,21.8334,94.71666667,3.306166667,52.74,0.916101667,3.241458333
181,29.1864,92.45,-0.0835,59.44333333,0.921986667,1.910416667
182,43.35402,79.25,-1.814333333,50.21666667,0.88284,1.521458333
183,40.66578,79.15,-0.764666667,32.49333333,0.810775,1.994375
184,37.20402,94.38333333,0,32.14,0.872471667,2.456875
185,36.02556,96.26666667,0,31.28666667,0.905568333,2.428125
186,37.58742,90.55,0,30.70666667,0.88469,2.214583333
187,36.98052,90.9,0,29.05666667,0.876166667,2.422083333
188,37.3686,98.11666667,0,29.81666667,0.903105,3.1225
189,34.85298,93.01666667,0,31.42,0.935846667,2.653333333
190,32.06106,95.25,0.8095,35.14333333,0.92145,2.366666667
191,29.90934,95.66666667,1.5895,41.31666667,0.90285,3.06625
192,32.81664,85.06666667,0.040666667,47.37666667,0.911718333,1.906041667
193,35.44488,74.1,-1.001,41.648,0.876556,1.948
194,24.8480129,84.5483871,0,39.15483871,0.811696774,2.292741935
195,25.41396,97.51666667,1.600166667,45.38333333,0.884066667,2.92
196,21.64224,92.48333333,3.468166667,55.06666667,0.919611667,3.2
197,31.19094,94.66666667,-0.104,61.11333333,0.92725,2.171458333
198,33.34968,94.53333333,-0.118666667,58.81666667,0.907606667,1.93375
199,34.87662,91.63333333,-0.447166667,57.96333333,0.90092,2.626666667
200,35.3322,89.3,-0.074833333,56.18,0.891615,2.19
201,38.84202,94.7,-0.3305,53.06,0.882126667,2.211875
202,38.97258,84.36666667,-0.573666667,48.24333333,0.870995,2.143958333
203,39.23304,85.36666667,-0.5685,42.29333333,0.876076667,2.2125
204,37.4631,89.75,0,42.12,0.888373333,2.351041667
205,37.37184,89.7,0,39.71666667,0.881781667,2.114583333
206,36.31728,94.3,-0.042,39.06666667,0.877123333,2.383958333
207,38.49954,89.01666667,-0.511,36.15666667,0.878175,2.013958333
208,38.56134,81.25,-0.9965,28.58333333,0.837978333,1.777708333
209,34.02534,92.95,0,25.72,0.865096667,2.60375
210,28.04028,93.58333333,0.8285,30.00666667,0.908735,2.588333333
211,24.32898,94.03333333,1.689666667,37.33,0.921273333,2.710208333
212,29.19804,92.21666667,0.146,41.76666667,0.934281667,2.114583333
213,36.4803,79.78333333,-1.1235,37.14,0.876073333,1.271875
214,28.5144,88.71666667,-0.067,29.58333333,0.833505,2.220833333
215,29.84364,93.51666667,0.6695,35.09333333,0.90398,2.519375
216,26.74482,88.05,2.267,32.13666667,0.872563333,2.636875
217,24.32118,94.43333333,1.2835,41.99666667,0.916016667,1.940833333
218,34.3815,89.05,-0.5695,38.80666667,0.867296667,1.784583333
219,33.72396,89.16666667,-0.0675,38.77333333,0.865725,2.508541667
220,32.73786,93.38333333,0.380833333,38.60666667,0.892485,2.563541667
221,43.94514,74.1,-2.152,25.33333333,0.873101667,1.623541667
222,38.83398,76.58333333,-1.227833333,19.28333333,0.85265,1.533958333
223,37.09686,89.46666667,-0.2865,8.05,0.846148333,3.017916667
224,33.0756,102.4166667,0,8.283333333,0.946561667,3.08375
225,29.41002,96.88333333,0.572833333,10.82333333,0.9715,2.760625
226,32.95404,98.63333333,0.025666667,13.73333333,0.97439,2.0575
227,27.70122,98,0.679333333,17.74666667,0.948946667,2.84625
228,30.33402,95.21666667,0.461666667,22.85,0.927521667,2.396875
229,37.10238,82.78333333,-1.297666667,17.38,0.880908333,1.624166667
230,24.7032,89.6,1.895166667,17.46666667,0.881086667,2.739583333
231,28.8789,75.56666667,-0.328666667,23.5,0.910051667,1.956666667
232,31.113075,85.625,-0.71625,10.6875,0.882810417,2.50234375
233,17.8242,48.92857143,0,8.947619048,0.651280952,1.868154762
234,19.33725405,57.97297297,0.060810811,11.04864865,0.682221622,1.930405405
235,29.47938113,77.64150943,0,10.90188679,0.699150943,2.07995283
236,24.56199184,47.63265306,0,11.05306122,0.716983673,1.835714286
237,32.11458,78.03333333,0,11.24,0.730976667,2.307291667
238,32.61444,76.05,0,11.20666667,0.736261667,2.185208333
239,31.0362,75.93333333,0,11.48333333,0.730533333,2.104791667
240,30.53106,80.46666667,0,11.50333333,0.734135,2.279166667
241,31.79466,76.45,0,11.29,0.752046667,2.310833333
242,30.8073,80.51666667,0,12.04,0.750811667,2.231875
243,31.75752,82.9,0,12.08,0.749225,2.279791667
244,30.5823,79.81666667,0,12.15333333,0.765045,2.056041667
245,31.68588,82.11666667,0,11.77666667,0.759938333,2.32875
246,31.4172,81.48333333,0,11.33666667,0.771175,2.096666667
247,32.1948,78.9,-0.063166667,8.256666667,0.757671667,2.099166667
248,28.07622,81.41666667,-0.068,6.956666667,0.775748333,2.276666667
249,22.91388,55.91666667,0,6.993333333,0.752575,1.521875
250,28.356,82.35,0,8.15,0.792075,2.811875
251,22.01118,63.71666667,0.009833333,10.23,0.796723333,1.957291667
252,29.0433,89.95,0,11.15,0.807168333,2.320208333
253,28.92936,84.4,0,11.78666667,0.790306667,2.500833333
254,27.34416,87.45,1.246333333,16.47666667,0.827176667,3.233125
255,25.19664,52.6,-1.3615,16.05666667,0.791801667,1.468958333
256,27.33378,84.93333333,1.245833333,17.75333333,0.854221667,3.313333333
257,27.336,86.48333333,0.657333333,23.31333333,0.881525,2.450625
258,36.14796,85.38333333,-0.773166667,17.54333333,0.834376667,2.261458333
259,33.39636,86.06666667,-0.448,16.43333333,0.807171667,2.302083333
260,30.81036,84.85,-0.061666667,13.02666667,0.796988333,2.996041667
261,35.6898,84.65,-1.279166667,10.81,0.863168333,2.147083333
262,31.11282,89.1,1.298,9.723333333,0.864936667,4.022291667
263,32.09736,93.63333333,0.701166667,17.33666667,0.947176667,3.674166667
264,31.87734,87.18333333,-0.810833333,12.65666667,0.908471667,2.15125
265,29.72318644,89.69491525,0.259491525,12.62033898,0.864227119,2.702330508
266,23.80624615,79.80769231,0,14.47692308,0.867357692,2.599519231
267,22.8996,72.2,0,13.56,0.674453333,1.620833333
268,31.09848,83.68333333,0.057666667,12.13,0.748895,1.957083333
269,37.0455,87.81666667,1.263,14.60333333,0.869586667,4.245833333
270,45.65628,89.06666667,-1.416833333,14.69,0.935503333,3.065416667
271,40.01772,92.35,1.026,9.493333333,0.95412,4.422083333
272,38.70834,84.25,-0.274,13.22333333,0.960243333,3.104166667
273,33.08376,89.53333333,0.7005,16.94666667,0.962281667,3.347291667
274,35.76414,91.03333333,0.684833333,18.20333333,0.955245,4.20875
275,32.475,77.26666667,-0.336166667,23.3,0.946565,1.250625
276,39.56886,75,-0.226666667,16.16666667,0.84535,3.90375
277,37.35714,68.38333333,-0.6315,16.78,0.926991667,1.026875
278,40.61166,87.2,-0.085166667,11.85333333,0.87564,3.207916667
279,33.58896,55.75,0.000333333,10.75,0.934448333,2.278958333
280,36.44376,88.65,-0.012333333,8.56,0.901538333,2.902708333
281,30.46884,65.36666667,-0.046333333,7.006666667,0.93892,2.088958333
282,15.31632857,39.75,0.03,7.142857143,0.860125,0.798214286
283,36.185325,84.375,0,7.325,0.8483375,4.908854167
284,28.64922,71.41666667,0.112666667,10.31666667,0.935853333,1.960833333
285,33.61374,88.33333333,0,11.27666667,0.893801667,2.951666667
286,41.21172,89.88333333,0,10.94666667,0.94568,3.721875
287,37.93536,91.56666667,0,10.71333333,0.964221667,3.334375
288,36.6597,94.65,0,10.51,0.9622,3.156875
289,35.71730182,90.49090909,0,10.49090909,0.950747273,3.137954545
290,35.88966,90.38333333,0,11.10333333,0.934896667,2.796041667
291,33.40611818,87.40909091,0,11.27272727,0.911325,3.060795455
292,27.13696364,88.45454545,0,11.79090909,0.82275,2.761363636
293,33.16314,77.1,0,11.93333333,0.832105,2.248125
294,32.22986667,77.75925926,0,12.24074074,0.829755556,2.647685185
295,28.64427692,57.02564103,0,12.36410256,0.850738462,1.25
296,32.61684,79.08333333,-0.201,10.07333333,0.836055,2.136666667
297,24.90435,0.75,0,8.55,0.7991875,0.075
298,24.4962,57.33333333,0,26.86666667,0.691666667,1.597916667
299,25.98024,72.2,0,27.63333333,0.702108333,1.679375
300,25.18686,73.95,0,28.24333333,0.699546667,2.691041667
301,31.43568,81.75,0.231166667,30.67,0.833946667,2.650833333
302,24.58482353,71.92156863,0,30.76470588,0.80432549,1.885784314
303,32.24574,83.36666667,0,30.70666667,0.795233333,2.353541667
304,32.60382,84.41666667,0,30.84,0.80523,2.620208333
305,21.63362927,64.51219512,0,30.81463415,0.776353659,1.588109756
306,32.63916,88.9,0,30.87666667,0.78479,2.288958333
307,32.47128,85.33333333,0,31.27666667,0.811208333,2.346041667
308,29.45274,76.65,0,31.43333333,0.778303333,2.138333333
309,31.79154,89.28333333,0,31.77,0.788828333,2.199375
310,32.44692,84.63333333,0,31.92,0.80902,2.469375
311,32.52522,85.13333333,0,31.51333333,0.817443333,2.390625
312,33.59472,66.28333333,0.052833333,28.89,0.814276667,1.746041667
313,23.7874,70.88888889,-0.005555556,28.03333333,0.790838889,2.38587963
314,30.94512,83.51666667,0,28,0.84956,2.77125
315,30.99156,76.56666667,0.1195,30.34666667,0.861683333,2.451041667
316,25.21557551,55,0.079591837,31.93061224,0.842095918,2.529591837
317,24.97926316,50,0,32.85614035,0.83015614,1.6875
318,29.78706,93.93333333,0.087166667,34.08,0.835008333,2.433958333
319,26.06265,85.64583333,1.576875,39.34583333,0.873135417,2.689322917
320,33.04215849,88.11320755,-0.130377358,38.26415094,0.806360377,2.438443396
321,28.26576,87.18333333,1.247833333,43.02,0.859225,2.803333333
322,34.79208,83.61666667,-0.885833333,44.17333333,0.856676667,1.974166667
323,33.50928,93.05,0.071666667,40.41,0.84281,2.888541667
324,35.99178,93.25,-0.652166667,37.2,0.864751667,2.365625
325,32.21826,76,-0.278,36.72666667,0.874493333,2.333333333
326,33.99966,91.85,-0.116333333,31.09666667,0.818415,2.649375
327,27.34758,97.35,1.368666667,38.32666667,0.883443333,2.704791667
328,31.42092,88.56666667,-0.336833333,41.56666667,0.877648333,1.928333333
329,34.37124,94.31666667,-0.042333333,36.00666667,0.829915,2.628541667
330,28.91808,77.1,0.431666667,38.39,0.840781667,2.109791667
331,30.86616,93.78333333,0.225666667,41.11666667,0.834121667,2.785833333
332,22.64754,62.01666667,1.151833333,46.50666667,0.860191667,2.452708333
333,29.30118,96.91666667,1.163333333,53.63666667,0.91091,3.343333333
334,35.70864,88.76666667,-0.680333333,52.14666667,0.89274,2.227291667
335,35.49348,90.63333333,-1.068333333,46.40666667,0.862383333,2.307708333
336,31.2435,82.96666667,-0.285333333,40.93666667,0.825696667,2.222291667
337,30.49014,88.93333333,0.15,43.08333333,0.878528333,2.958958333
338,29.63832,82.08333333,0,42.51333333,0.870733333,2.458541667
339,34.6848,79.68333333,-0.983333333,37.82666667,0.83657,2.022916667
340,32.89422,92.5,0,33.69,0.85405,2.807708333
341,28.55394,90.71666667,0,34.63,0.892751667,2.697083333
342,27.13212,76.45,0,34.46333333,0.844041667,1.917291667
343,27.7029,92.58333333,0.667166667,37.15333333,0.861243333,2.985
344,27.58794545,64.52272727,-1.160909091,37.03636364,0.854127273,1.248011364
345,26.97828,93.48333333,0,36.21,0.830873333,2.534166667
346,32.91798,89.48333333,0,34.02,0.824555,2.033333333
347,31.72578,92.75,0,33.65,0.864841667,3.193333333
348,33.87396,93.18333333,0,35.58,0.923653333,2.915833333
349,29.88032727,87.84848485,0,32.93939394,0.925454545,2.475757576
350,30.15972,91.88333333,0,33.48333333,0.889686667,3.329791667
351,26.93676,72.88333333,0,32.58666667,0.892753333,1.799375
352,30.91698,90.66666667,0,32.21666667,0.879236667,2.756875
353,24.30414,60.61666667,0,33.04333333,0.864485,1.561666667
354,31.11708,93.16666667,0,33.27,0.88029,2.544583333
355,26.32008,75.88333333,0,31.63333333,0.874145,2.223125
356,22.608,67.32,0.0126,31.316,0.853282,2.1245
357,29.67654,92.8,0,31.64666667,0.87775,2.406666667
358,17.95032,25.04,0.0108,32.568,0.821992,1.685
359,30.03516,92.38333333,0,32.69,0.868091667,2.559166667
360,23.5353,80.11666667,-0.129166667,34.63333333,0.891965,2.284791667
361,26.79408,87.21666667,0.774833333,35.30666667,0.878178333,3.013125
362,21.9419122,56.09756098,1.123658537,41.5902439,0.905836585,1.813109756
363,28.06074,72.83333333,0,41.95,0.84158,2.535208333
364,30.97188,90.3,0.935,41.29666667,0.905658333,3.345
365,23.91546977,63.8372093,-0.206046512,44.25116279,0.909995349,2.243895349
366,19.38141818,40.15909091,0.038181818,42.10909091,0.9086,2.38125
367,25.73646,70.73333333,0.644666667,44.73333333,0.924526667,2.048125
368,20.16834545,65.88636364,0.029545455,45.48181818,0.844793182,1.946875
369,24.52776,75.43333333,-0.871166667,43.01,0.835788333,1.943541667
370,22.3497,58.30769231,0,42.66153846,0.826238462,1.473076923
371,19.40175,67.575,0.78725,42.435,0.773645,2.109375
372,13.23962069,17.31034483,-1.450689655,42.10344828,0.750465517,0.42737069
373,21.75975,68.125,-0.47025,24.17,0.647375,2.040625
374,25.4814,56.11666667,0.1355,24.2,0.680238333,2.356666667
375,19.18179574,48.76595745,0,25.74042553,0.687548936,1.425265957
376,25.45609091,68.95454545,-0.002954545,24.45,0.680322727,1.711931818
377,18.1476,59,0,22.6,0.4661,3.375
378,21.68352,49.11428571,0,21.53142857,0.627157143,1.259285714
379,5.058,0,0,20.4,0.553,0
380,35.04861818,88.54545455,0,14.01818182,0.755490909,7.746590909
381,33.34022609,80.19565217,0.385652174,15.61304348,0.839428261,3.480163043
382,33.07114286,80.67346939,0,17.44489796,0.829744898,3.329846939
383,27.66678,67.8,0,16.98,0.843608333,1.855
384,29.92825532,84.65957447,0,17.17446809,0.785365957,3.506648936
385,42.01518,92.05,0,17.25666667,0.885288333,4.287708333
386,37.84308,81.31666667,0,16.89333333,0.908826667,3.113125
387,33.237,70.06666667,0,16.69666667,0.896795,2.145833333
388,33.7716,81.66666667,0,16.26,0.83149,2.29375
389,29.99352,77.93333333,0,16.19333333,0.789448333,2.100416667
390,31.88484,83.15,0,16.11,0.77724,2.358958333
391,33.62334,86.3,0,16.19,0.793833333,2.495416667
392,32.90424,85.86666667,0,16.58,0.829731667,2.820625
393,34.55034,87.1,-0.089166667,15.78666667,0.847013333,2.623541667
394,34.9455,86.25,-0.1045,12.72333333,0.829918333,2.891458333
395,38.79018,91.41666667,-0.157166667,12.26,0.908903333,4.066458333
396,37.93008,97.35,0.165,14.41,0.955428333,4.024583333
397,39.79386,92,0.039833333,16.89333333,0.97755,3.859791667
398,34.18656,79.48333333,0,18.25666667,0.973006667,2.655416667
399,22.11318,85,1.390166667,23.81666667,0.893715,2.187708333
400,29.28744,79.3,-0.328166667,22.28666667,0.780055,1.694583333
401,23.8392,87.28333333,1.010833333,24.72666667,0.784258333,2.430416667
402,28.06212,86.91666667,0.273166667,29.36,0.808663333,2.54625
403,44.60268,97.15,-0.629,23.33,0.91233,4.585833333
404,39.69096,90.08333333,-0.480666667,20.32333333,0.97895,3.428125
405,25.932,88.51666667,0.386666667,20.63666667,0.94059,1.753125
406,35.14596,88.7,-1.109333333,14.30666667,0.843328333,1.89375
407,35.82378,94.11666667,1.699833333,20.05666667,0.930056667,5.760416667
408,35.22966,71.55,-0.933333333,22.60666667,0.974128333,1.284166667
409,31.41996,85.68333333,0.176833333,18.04333333,0.908376667,2.143958333
410,29.39736,88.21666667,0.209166667,20.02333333,0.858175,2.249791667
411,29.93286,88.28333333,0.261166667,22.75,0.852475,2.454583333
412,26.64756,88.61666667,1.779666667,29.13333333,0.863245,2.935416667
413,30.0813,90.31666667,0.513833333,35.76666667,0.893988333,2.267083333
414,37.70568,90.03333333,-0.634666667,32.31666667,0.859921667,2.101875
415,41.5072,90.2962963,-0.997037037,26.31111111,0.860975926,2.172222222
416,30.58332,89.53333333,0,22.61333333,0.82998,2.735416667
417,31.63818,92.81666667,0.061666667,25.56333333,0.898026667,2.837291667
418,35.48448,87.96666667,0,24.62666667,0.892835,2.055416667
419,42.82414615,86.26923077,-1.047692308,18.15384615,0.888003846,3.464663462
420,32.45989787,94.68085106,-0.109148936,15.11914894,0.913906383,3.944148936
421,37.9708875,93.53125,0,16.6875,0.953228125,3.677734375
422,36.13404,97.3,0.111666667,16.48333333,0.932875,3.944375
423,40.98456,98.45,-0.067333333,18.62333333,0.96349,3.520208333
424,42.95424,95.7,-0.463666667,16.55333333,0.978878333,3.410625
425,38.74302,94.8,0.312666667,14.54666667,0.984043333,3.583958333
426,37.44564,71.71666667,-0.188166667,16.05666667,0.973336667,2.314166667
427,26.34190714,79.58928571,-0.009464286,13.62142857,0.904248214,2.033928571
428,29.315625,70.45833333,0,14.35416667,0.869297917,1.3578125
429,31.01379623,88.75471698,0,13.14716981,0.841445283,2.762971698
430,32.01084,80.9,0,13.58666667,0.858608333,2.326666667
431,35.06724,92.96666667,0,13.83333333,0.865455,2.4725
432,39.94776,88.43333333,0,12.35333333,0.87528,3.38375
433,44.38692,95.66666667,0,12.17666667,0.943143333,3.869375
434,34.4784,76.85,0,13.18333333,0.961656667,2.381875
435,29.73462857,87.23809524,0,13.99047619,0.9264,1.627380952
436,20.3376,76.8,0.29,15.59333333,0.820873333,2.71125
437,29.29366154,88.8974359,0.073846154,15.43589744,0.846410256,3.090705128
438,29.47794,79.7,0.959833333,22.44333333,0.8832,2.540625
439,14.6592,15.625,0,23,0.8716125,0.025
440,26.18806154,75.61538462,0,22.86153846,0.752492308,3.575480769
441,38.38753846,84.41025641,0,20.81538462,0.877061538,2.469230769
442,29.95870909,87.59090909,1.512727273,24.76363636,0.824440909,5.125568182
443,15.64796571,37.71428571,-0.674857143,23.08,0.823514286,0.913214286
444,13.85629412,24.23529412,-0.078823529,22.27647059,0.803891176,1.094852941
445,33.24642,80.51666667,0.0345,23.99,0.868878333,3.8425
446,31.782,70.13333333,-0.469833333,23.81666667,0.94025,3.016875
447,23.79132973,78,-0.078378378,21.05405405,0.891613514,2.350337838
448,21.35331,52.475,0.81575,21.165,0.835395,2.1271875
449,11.73978,44.925,-1.87725,19.84,0.7956225,1.273125
450,19.01595789,51.42105263,0.756578947,14.4,0.750465789,1.720394737
451,27.15612,73.63333333,0.289,16.05333333,0.770656667,2.343333333
452,33.04518,73.68333333,0,16.06333333,0.804443333,1.98875
453,32.02374,83.36666667,0,16.04333333,0.776186667,2.285208333
454,32.5287,84.13333333,0,15.81666667,0.796635,2.428958333
455,33.057,85.81666667,0,15.93333333,0.811746667,2.323125
456,32.14788,83.46666667,0,15.56333333,0.803381667,2.197916667
457,32.12574,83.48333333,0,15.98666667,0.814805,2.144166667
458,31.13364,79.06666667,0,16.25,0.76776,2.15
459,33.14028,85.78333333,0,16.72,0.782768333,2.124791667
460,32.65734,83.66666667,0,16.77333333,0.783731667,2.400208333
461,33.80286,82.26666667,0,16.58666667,0.804878333,2.307291667
462,35.48328,81.21666667,-0.086833333,13.13,0.78707,1.951875
463,32.4435,90.06666667,0.002333333,12.31,0.796385,2.407708333
464,31.62456,87.76666667,0,13.01666667,0.784616667,2.208958333
465,30.72462,88.81666667,0.137,15.16333333,0.802343333,2.202916667
466,33.4863,90.91666667,0,16.72333333,0.789965,2.323333333
467,32.84688,87.78333333,0.113166667,18.15,0.784525,2.396666667
468,32.58,88.85,0.871,24.17666667,0.819455,2.771875
469,37.8048,98.11666667,0.285333333,22.56,0.86308,3.327708333
470,33.14814,83.68333333,0.554833333,29.64,0.878353333,2.112708333
471,34.79388,85.56666667,-0.422833333,24.15,0.78085,1.9125
472,35.65902,85.61666667,-0.6195,22.39,0.781191667,1.82625
473,34.39908,86.06666667,0.258333333,19.86666667,0.768201667,2.467291667
474,38.59512,62.73333333,-1.32,14.89333333,0.738266667,1.090833333
475,30.41928,85.48333333,1.727333333,19.57666667,0.828851667,3.285208333
476,35.95626,69.11666667,-0.0925,24.97,0.870453333,1.946666667
477,37.95036,86.3,-0.018166667,19.64,0.80313,2.119166667
478,34.54626,84.5,0.345833333,22.13,0.81604,2.641458333
479,37.08834,95.1,0.791833333,26.56,0.906531667,4.4425
480,32.37,84.88333333,1.343666667,35.36,0.965615,3.647083333
481,22.28184,87.73333333,0.896666667,40.72333333,0.910491667,1.95125
482,22.56108,72.85,-0.340833333,41.82333333,0.814195,1.397708333
483,30.8571,46.28333333,-1.783166667,34.64666667,0.723258333,0.7875
484,25.39630189,43.86792453,-1.391320755,24.50943396,0.710264151,0.512971698
485,7.8624,32,0,22,0.7004,0.5625
486,30.27228,78.73333333,0,20.77333333,0.81946,2.408333333
487,36.43386,93.35,0.829833333,21.01,0.883103333,3.402291667
488,38.08458,78.65,-0.139833333,25.33333333,0.909515,2.155208333
489,39.64302,79.81666667,-0.602666667,15.47333333,0.8687,2.437083333
490,35.28132,91.05,0.6565,20.57666667,0.89854,3.043125
491,37.39002,94.33333333,0.734333333,21.51666667,0.888626667,3.17125
492,38.53188,84.83333333,0.025166667,24.31333333,0.89829,2.296458333
493,34.59936,94.83333333,0.8325,29.44333333,0.910831667,3.9525
494,40.20396,72.5,-1.360333333,23.28333333,0.895043333,1.193333333
495,36.4089,91.45,0.5025,23.93666667,0.88441,3.231875
496,38.51172,83.21666667,-0.484833333,17.64,0.871676667,1.960833333
497,36.89718,89.71666667,0,16.25666667,0.844378333,2.463958333
498,37.94352,85.3,-0.131166667,13.65333333,0.813838333,1.861875
499,28.6089,57.31666667,-0.132666667,11.29,0.773373333,1.37875
500,19.7433,43.8,0,11,0.78795,1.276875
501,28.00848,76.81666667,0.016833333,11.24666667,0.846753333,2.745833333
502,32.52258,90.86666667,0.853166667,14.14,0.900748333,3.849583333
503,44.16396,96.2,0,15.35666667,0.954725,3.596041667
504,40.32162,82.01666667,0,15.26666667,0.9434,2.56125
505,41.37672,90.08333333,0,15.01333333,0.903296667,3.533125
506,39.92904,89.45,0,14.83,0.913915,3.400625
507,41.86518,90.13333333,0,15.27,0.929536667,2.66875
508,38.81058,77.9,0,15.23333333,0.883358333,2.378125
509,31.83294,75.28333333,0,15.51,0.826126667,2.449791667
510,39.66534,89.68333333,0,15.55,0.85957,2.873125
511,41.42256,92.91666667,0,15.71666667,0.857728333,2.745625
512,41.29032,87.21666667,0,15.15666667,0.866606667,2.786666667
513,29.50056,53.2,0,15.40666667,0.869748333,1.589166667
514,17.29071628,45.27906977,0,14.86976744,0.762167442,2.817732558
515,44.43636,84.26666667,0,15.38,0.916713333,4.019583333
516,40.21656,83.28333333,0,15.89666667,0.927506667,2.595
517,40.91802,88.35,0,15.38666667,0.885031667,2.45375
518,39.25452,77.28333333,0,14.41333333,0.828601667,2.028333333
519,41.61786,95.76666667,0,13.53,0.839651667,3.499583333
520,42.22878,82.78333333,0,13.31,0.908375,3.372083333
521,43.14018,84.9,0,13.24333333,0.901798333,2.916041667
522,42.93588,86.93333333,0,13.59,0.86134,3.374375
523,40.52076,85.6,0,14.11,0.886433333,3.0125
524,39.90018,80.01666667,0,15.64,0.910221667,2.785
525,28.68366,61.93333333,0,14.72666667,0.887046667,2.4925
526,24.4824,75.2,0.264666667,15.14666667,0.85791,2.792916667
527,44.1963,88.6,-0.7815,13.07333333,0.892666667,2.200833333
528,38.1126,90.68333333,1.087166667,13.91,0.887838333,3.955416667
529,20.76456,83.7,7.647,39.40666667,0.976313333,5.888958333
530,29.154,94.25,1.844166667,56.42,0.983768333,3.455833333
531,45.09486,96.11666667,-1.657666667,52.65666667,0.967811667,3.575833333
532,42.68682,98.01666667,0.292833333,41.65666667,0.958235,4.017291667
533,27.948,97.78333333,2.151166667,52.18666667,0.95218,3.723541667
534,27.85566,92.11666667,1.724666667,65.16333333,0.957711667,3.021666667
535,27.46998,97.11666667,2.671,67.56666667,0.934718333,4.154583333
536,24.6135,97.65,3.373166667,84.93333333,0.96394,3.973125
537,27.21306,97.93333333,2.605333333,96.56666667,0.96561,3.990833333
538,26.114544,55.38,0.0074,106.224,0.965884,1.368
539,18.952704,38.84,-1.2748,101.664,0.826208,1.2855
540,36.72882,75.65,-0.612,99.31333333,0.80042,1.561875
541,30.54798,25.98333333,-2.6065,86.05,0.741243333,0.775416667
542,26.26602,64,-1.027,77.1,0.736425,2.096875
543,31.82682,85.51666667,1.661833333,78.14333333,0.805505,3.340208333
544,37.36782,78.76666667,-0.591333333,83.30333333,0.86088,1.473333333
545,50.00286,44.63333333,-3.931833333,61.99666667,0.804896667,1.027708333
546,18.69045283,65.09433962,1.77490566,43.24528302,0.777441509,2.65495283
547,33.32844,96.05,1.529333333,51.90666667,0.879583333,3.288958333
548,46.26276,50,-2.455666667,48.41,0.856406667,0.96875
549,57.63978,89.03333333,-1.708666667,11.8,0.868955,4.51375
550,32.09046,70.83333333,0.3975,10.71666667,0.922251667,1.639791667
551,25.68252,61.01666667,-0.1065,11.50333333,0.817791667,1.08
552,14.33022,27.53333333,0.047833333,10.75333333,0.718256667,0.338541667
553,0,0,0,10.6,0.684625,0
554,28.27999149,75.68085106,0,11.13191489,0.744021277,2.484308511
555,36.4803,81.91666667,0,10.99,0.795148333,2.062708333
556,43.07856,90.76666667,0,10.11666667,0.815251667,2.92
557,46.99902,89.35,0,9.4,0.897045,3.505208333
558,43.98084,85.2,0,9.013333333,0.924365,3.445
559,27.90006,64.13333333,0,8.723333333,0.875018333,2.121666667
560,29.02946087,54.02173913,0,8.552173913,0.858093478,1.176358696
561,44.41044,96.5,0,9.313333333,0.887928333,5.643125
562,48.43524,98.08333333,0,10.04,0.96447,3.642916667
563,45.2019,95.83333333,0,9.91,0.970535,2.937291667
564,40.55754,73.58333333,0,8.896666667,0.92944,1.83375
565,28.50533617,71.72340426,0,8.782978723,0.86022766,3.983510638
566,47.21298,94.11666667,0,9.033333333,0.931113333,3.056875
567,48.273,94.93333333,0,9.303333333,0.952696667,3.659791667
568,30.00312,62.05,0,9.313333333,0.932866667,1.5675
569,25.75038,66.95,0,9.423333333,0.837633333,2.002291667
570,44.58744,95.11666667,0,9.8,0.88047,3.842708333
571,44.18934,84.23333333,0,9.966666667,0.96771,4.106666667
572,30.87856,84.2,0,10.15555556,0.941293333,3.263888889
573,45.6273,94.16666667,0,10.54666667,0.941743333,3.140625
574,46.00494,97.85,0,11.32,0.931116667,3.43625
575,29.5125,62.78333333,0,11.73333333,0.900206667,2.148125
576,43.70838,99.5,0,12.42333333,0.911363333,3.773125
577,37.66254,70.48333333,0,10.82333333,0.92453,2.67
578,28.53192,74.51666667,0,9.096666667,0.920581667,2.707083333
579,32.75106,94.28333333,0,11.32333333,0.9341,4.080416667
580,36.67218,84.8,0,13.89666667,0.953141667,2.8
581,28.06038,70.18333333,-0.069666667,14.08666667,0.912693333,2.881041667
582,37.3905,88.91666667,0,14.80333333,0.925311667,3.139583333
583,38.43084,86.78333333,0,15.14666667,0.915311667,3.052916667
584,31.45716,69.11666667,0,15.22333333,0.90215,3.417083333
585,25.58954118,68.97058824,0,15.83529412,0.903505882,3.101470588
586,38.92704,96.55,0,16.26333333,0.929616667,4.327916667
587,41.19324,96.55,0,16.66,0.962298333,3.7375
588,38.10426429,78.16071429,0,17.28214286,0.95945,2.538839286
589,7.449075,26.1875,0,17.0875,0.83999375,0.3875
590,29.8288678,82.98305085,0,16.57966102,0.827722034,3.149364407
591,38.18386286,88.77142857,-0.227714286,14.52571429,0.884622857,3.630357143
592,23.62976471,70.70588235,0,15.50588235,0.709117647,1.869117647
593,21.73333846,48.98076923,0.385384615,17.04230769,0.736188462,1.539423077
594,5.9804,45.77777778,1.084444444,17.04444444,0.609144444,2.426388889
595,18.61531579,42.52631579,0.158947368,17.27894737,0.656773684,1.567434211
596,27.22716,67.56666667,-0.283833333,15.10333333,0.679715,1.48125
597,22.26683077,55.71794872,0.010512821,13.43589744,0.66275641,1.332692308
598,23.90456842,79.89473684,-0.313157895,15.03157895,0.607557895,2.1375
599,27.91704,75,0,14.78666667,0.627323333,1.491666667
600,22.3339814,58.69767442,0,15.21860465,0.628783721,1.504069767
601,27.6465,77.75,0,15.36,0.646456667,2.421666667
602,31.47048,81.7,0,14.86333333,0.694903333,2.122291667
603,23.47398,64.11666667,0,14.96666667,0.668396667,1.826666667
604,21.87904,49.86666667,0,15.31111111,0.68686,1.319444444
605,33.73392,83.13333333,0,14.84,0.763285,3.168958333
606,37.75662,87.15,0,15.27333333,0.8256,4.2125
607,43.18488,90.43333333,0,16.16666667,0.940421667,3.864375
608,32.05446,83.9,0,16.35,0.898453333,2.530625
609,38.44986,93.83333333,0,17.23,0.900831667,3.850833333
610,40.64964,81.91666667,0,15.11666667,0.913726667,3.123958333
611,30.50394146,69.68292683,0,13.20487805,0.915592683,3.045426829
612,32.39502,90.71666667,0,13.38666667,0.887483333,4.074583333
613,36.48594,94.96666667,0.189666667,15.59666667,0.927161667,3.979583333
614,29.31924,74.48333333,0.103833333,18.56,0.917946667,1.750625
615,27.2649,73.58333333,0,19.22,0.805071667,1.576875
616,26.62386,83,0.216166667,21.96333333,0.811558333,3.232708333
617,22.76688,82.26666667,1.604833333,30.26666667,0.845,2.332916667
618,25.91124,85.01666667,-0.120166667,30.82666667,0.780578333,2.009375
619,20.92179661,57.06779661,0,30.51186441,0.741132203,1.422457627
620,15.869016,59.66,0.7914,31.116,0.70444,2.04025
621,27.23526,87.7,0.610333333,34.41333333,0.797423333,2.57125
622,27.84822,80.4,0,36.08,0.856155,2.277291667
623,31.5642,76.33333333,-0.361333333,36.46666667,0.796541667,1.776666667
624,47.07846,98.41666667,-1.699833333,27.36333333,0.863791667,4.744375
625,42.96444,99.45,0.204666667,24.86,0.95737,3.763958333
626,41.46318,95.45,-0.5945,18.93,0.956031667,3.445416667
627,33.99666,52.58333333,-0.205833333,17.16666667,0.920493333,2.601458333
628,44.23452,94.9,-0.037833333,14.50333333,0.944023333,4.662708333
629,26.10876,47.05,-0.018666667,13.01666667,0.921455,0.942291667
630,24.14146154,63.96153846,0,13.76923077,0.840815385,1.342307692
631,29.86354286,86.39285714,0,12.97142857,0.790625,2.502901786
632,36.80424,93.53333333,0,15.83333333,0.852988333,3.695833333
633,42.40296,91.88333333,0,16.71333333,0.932776667,4.067916667
634,40.15008,94.75,0,16.71,0.957793333,3.81125
635,37.72866,97.23333333,0,16.49,0.96274,3.629583333
636,36.71244,94.48333333,0,16.09,0.960355,3.234583333
637,29.71212,71.41666667,0,16.34333333,0.918118333,1.768958333
638,31.11888,89.53333333,0,16.46333333,0.831483333,2.270833333
639,31.03704,90.11666667,0,17.25333333,0.811813333,2.237291667
640,35.4054,74.53333333,0,18.05,0.854745,2.744791667
641,36.90788936,91.76595745,0,18.42978723,0.885331915,4.331648936
642,27.09486,52.26666667,0,18.76666667,0.908906667,1.680416667
643,22.71416604,62.49056604,-0.373207547,18.04528302,0.81400566,1.803537736
644,34.5072,77.66666667,-0.086060606,15.75757576,0.808633333,2.332954545
645,20.74632453,66.66037736,0,12.05283019,0.686818868,2.419103774
646,17.73793469,61.97959184,0.574081633,13.68979592,0.771679592,2.134438776
647,23.21707925,74.98113208,0.412641509,15.46415094,0.787275472,2.273584906
648,23.639625,65.83333333,0,15.1125,0.78503125,1.69609375
649,26.36133559,79.22033898,0.028983051,15.31186441,0.764977966,2.906991525
650,27.82752,81.65,0,15.2,0.821053333,2.562291667
651,28.11834,77.16666667,0,14.39666667,0.811376667,2.115625
652,24.54894,71.3,0,14.15666667,0.74134,2.150208333
653,25.25320976,69.14634146,0,13.9804878,0.765304878,1.62195122
654,19.70668421,65.15789474,0,14.11578947,0.655252632,2.453947368
655,30.01128,87.83333333,0,13.47333333,0.82359,2.539583333
656,28.82916,83.45,0,13.57666667,0.825335,2.214375
657,28.299,82.46666667,0,13.59666667,0.781105,2.328125
658,29.08758,84.78333333,0,14.02333333,0.801286667,2.562916667
659,28.66428,83.65,0,13.39,0.824291667,2.584166667
660,28.45878,82.93333333,0,13.62666667,0.835873333,2.502083333
661,30.35664,82.78333333,-0.376666667,11.76666667,0.803131667,2.081458333
662,23.93844,71.7,-0.036666667,9.523333333,0.773823333,2.268958333
663,26.13642,83.25,0,8.643333333,0.775738333,2.19875
664,22.50636,69.36666667,0,9.153333333,0.773821667,1.939166667
665,23.75022,85.65,0.042,11.09,0.772241667,2.196458333
666,23.96466,82.45,0.2685,13.40666667,0.782583333,2.353958333
667,24.1215,84.25,0,14.96,0.791368333,2.306041667
668,24.76938,82.98333333,0,15.36,0.808046667,2.6575
669,23.71794,82.25,1.51,19.54,0.840713333,2.962708333
670,25.89096,66.73333333,-0.8285,23.12,0.840616667,1.525625
671,21.18369231,77.46153846,1.376666667,19.45641026,0.751882051,2.52275641
672,21.4773,81.51666667,0.659333333,22.87333333,0.775396667,2.954166667
673,21.29814,84.41666667,0.7645,28.25666667,0.85703,2.528541667
674,27.96342,84.53333333,-1.4025,22.07333333,0.807876667,2.156458333
675,24.77022,84.76666667,0,20.78666667,0.796901667,2.410833333
676,27.43374,85.95,-0.314,19.26,0.791103333,2.274583333
677,24.35124,88.01666667,0.573333333,17.71333333,0.789616667,2.86
678,29.84682,81.8,-1.328,16.52,0.821385,1.894375
679,27.1377,84.96666667,1.148833333,11.2,0.776975,3.099791667
680,24.90888,88.18333333,1.483666667,20.04333333,0.848511667,2.4175
681,28.09884,84.65,-0.4095,23.72,0.830428333,2.057916667
682,29.793,85.91666667,-0.436333333,15.98,0.778643333,2.521875
683,27.3513,83,0.3775,16.44166667,0.7999375,2.360416667
684,21.68623636,65.36363636,0,18.02727273,0.681031818,3.734659091
685,28.04334,86.41666667,0.267833333,19.81,0.813573333,2.758125
686,25.97766,87.08333333,0.556166667,23.70333333,0.855718333,2.704583333
687,27.35592,87.41666667,1.544,32.19,0.856343333,3.211458333
688,32.16006,83.06666667,-0.638666667,33.21333333,0.833516667,2.038541667
689,31.45722,86.93333333,-0.609166667,27.84,0.778911667,2.14625
690,32.85216,77.38333333,-1.201,19.77333333,0.754683333,2.024791667
691,30.91368,86.25,0.3155,19.39,0.811738333,3.156458333
692,31.77996,85.65,0,19.58,0.84789,2.219166667
693,35.21046,82.38333333,-0.8305,16.34666667,0.784793333,1.897916667
694,33.19032,86.01666667,-0.3935,10.04666667,0.76302,2.616458333
695,29.79852,91.11666667,0.169833333,10.40666667,0.818668333,2.725416667
696,25.76950435,70.89130435,-0.007173913,11.26521739,0.829234783,1.649456522
697,27.3465931,85.10344828,0,10.35862069,0.765905172,2.887931034
698,30.3027,84.15,-0.034333333,13.91,0.84614,2.545833333
699,32.19504,85.78333333,0.160833333,11.93333333,0.81462,2.619583333
700,33.94998,84.9,-0.879333333,9.436666667,0.785575,1.99875
701,31.6776,87.36666667,0,7.826666667,0.780758333,2.53875
702,29.32782,75.66666667,-0.085,10.29666667,0.776446667,1.861875
703,32.41302,87.33333333,-0.155833333,7.08,0.75433,2.385
704,23.34484528,64.45283019,0,7.652830189,0.743362264,2.287028302
705,23.90184,42.31666667,-0.087333333,6.716666667,0.734758333,1.855208333
706,29.40816,88.48333333,0,5.926666667,0.798118333,2.592708333
707,30.75156,91.88333333,0,6.48,0.822266667,2.68625
708,28.41798,66.88333333,0,6.72,0.78549,1.847083333
709,33.3354,86.08333333,0,4.903333333,0.75485,2.399583333
710,33.71538,86.21666667,0,4.496666667,0.776181667,2.352291667
711,31.43694,86.06666667,0,5.49,0.779791667,2.370416667
712,33.2217,82.98333333,0,6.58,0.849223333,4.042708333
713,23.7156,56.73333333,0,7.663333333,0.920046667,1.705625
714,19.07105806,66.87096774,0,8.122580645,0.847390323,1.816532258
715,20.21838,66.48333333,1.356833333,13.86333333,0.807608333,2.065416667
716,20.9844,53.15,0.00925,15.8,0.7575825,1.4890625
717,22.36628571,67.33333333,0,15.98095238,0.668338095,2.95
718,34.54182,91.6,0.449,14.63666667,0.807866667,3.513541667
719,32.28994286,77.21428571,-0.001071429,17.89642857,0.881008929,2.517410714
720,26.79253333,73.59259259,0,16.41481481,0.813374074,4.851388889
721,33.53082,75.18333333,0,18.82,0.926975,3.537291667
722,23.77908,58.16666667,-0.153166667,16.81,0.86239,1.050416667
723,24.25035789,67,0,15.13684211,0.781657895,1.574342105
724,21.28749231,37.03846154,-1.368846154,14.64615385,0.751276923,1.336538462
725,26.83125818,76.56363636,0.018909091,14.28,0.771585455,2.104090909
726,29.28528,75.46666667,0.401833333,17.26333333,0.806476667,2.767291667
727,28.61766,77.93333333,0,16.75333333,0.797595,2.22625
728,27.36042,71.05,0,17.41,0.777498333,1.93375
729,20.54568462,61.73076923,0,17.05384615,0.714825,1.511778846
730,28.275,81.13333333,0,17.44333333,0.763106667,2.423125
731,32.35614,79.45,0,18.28,0.82648,2.733333333
732,28.79016,74.81666667,0,18.05666667,0.802955,2.107916667
733,30.42696,78.96666667,0,17.55333333,0.782758333,2.245208333
734,29.8821,71.01666667,0,16.46333333,0.789273333,2.245208333
735,26.6295,59.61666667,0,15.48666667,0.76433,1.802083333
736,28.4322,74.03333333,0,15.03333333,0.76354,2.172291667
737,23.71495814,71.41860465,0,14.89767442,0.744767442,2.245639535
738,26.4447,77.83333333,0,14.99333333,0.744936667,1.912708333
739,27.33378,79.68333333,0,14.97,0.740626667,1.979375
740,20.28564,41.26666667,-0.062166667,14.29666667,0.707546667,0.796458333
741,22.51752,64.71666667,-0.326,12.52333333,0.711315,2.087708333
742,24.37967368,50.10526316,0,12.78421053,0.742144737,0.978618421
743,17.03706667,55.33333333,0,11.82962963,0.60407037,1.031018519
744,24.4476,70.85,0,12.75,0.657243333,1.860833333
745,16.533,49.43333333,0,12.71,0.69148,1.663333333
746,35.19378,86.76666667,0,14.32333333,0.808663333,3.230416667
747,35.54232,73.46666667,0,14.44666667,0.851681667,2.671458333
748,35.29362,82.41666667,0,14.48,0.838503333,3.102083333
749,34.78032,81.96666667,0,14.82,0.821026667,2.859791667
750,37.33488,85.6,0,15.51333333,0.841836667,3.036041667
751,38.03958,86.6,0.0045,16.15,0.854035,2.982291667
752,37.6671,85.61666667,0,16.11666667,0.852728333,2.883958333
753,37.2555,83.08333333,0,15.36333333,0.846585,2.691666667
754,19.502,38.61111111,0,15.06666667,0.758219444,1.265625
755,36.35376,87.1,0,15.84666667,0.828676667,3.63125
756,39.37314,75.8,0,15.76666667,0.901528333,3.269791667
757,35.99034,81.03333333,0,16.29333333,0.881426667,3.262916667
758,42.0579,90.2,0,16.63666667,0.876941667,3.017291667
759,40.40622,85.25,0,16.97,0.857651667,2.966458333
760,41.38998,87.91666667,0,16.79666667,0.866853333,3.211458333
761,38.86356,85.2,0,16.91333333,0.874146667,3.143541667
762,39.54504,90.11666667,0,16.55,0.883106667,3.308125
763,32.34984828,72.18965517,0,16.42068966,0.890487931,2.782112069
764,36.85686,90.45,0,16.43666667,0.880738333,3.115833333
765,39.60066,91,0,16.13333333,0.89855,3.647083333
766,40.33716,91.76666667,0,15.65333333,0.923216667,3.485
767,36.80478,81.16666667,-0.184,11.79333333,0.923123333,3.282708333
768,36.82524,93.96666667,-0.091666667,11.00666667,0.889681667,2.633125
769,37.57242,89.2,0.0195,12.54,0.853696667,2.863958333
770,39.55812,85.4,0.266666667,15.21,0.845701667,2.449375
771,40.359,88.9,0.1095,16.42666667,0.844026667,2.814583333
772,37.73628,87.81666667,0.527833333,22.74,0.889503333,3.192708333
773,33.13302,89.78333333,0.506333333,21.52,0.882571667,3.204375
774,30.52674,86.46666667,0.590666667,27.50333333,0.9024,3.227291667
775,35.2602,91.58333333,-0.854,21.23666667,0.86976,2.444583333
776,31.89288,89.28333333,-0.342333333,19.88,0.850621667,2.696458333
777,33.40332,91.8,0.160833333,16.61666667,0.834461667,2.9075
778,38.43432,84.11666667,-1.448833333,13.80333333,0.820775,1.552916667
779,31.8237,90.36666667,1.611333333,13.92,0.816651667,3.253958333
780,34.90326,79.61666667,0.3335,21.17,0.884491667,2.645416667
781,41.6184,72.33333333,-0.6,14.74666667,0.845356667,2.161875
782,28.79826923,67.09615385,0.345192308,16.50769231,0.817317308,2.287980769
783,31.94226,87,-0.226666667,15.43,0.823763333,2.359166667
784,32.21436,89.66666667,0.607,15.58666667,0.854925,3.308541667
785,30.94632,86.3,0.604666667,21.73333333,0.88739,2.845833333
786,36.87888,82.98333333,-1.426333333,13.98,0.803388333,1.635833333
787,29.7468,91.45,1.702666667,13.21,0.807876667,3.378958333
788,35.33778,90.08333333,-0.397666667,16.55,0.865625,2.515
789,32.78892,87.73333333,0.764666667,19.23333333,0.849391667,2.755833333
790,35.12472,87.98333333,0.1625,20.57,0.844196667,2.430416667
791,32.12352,85.15,1.123,26.68666667,0.870543333,2.851666667
792,37.52616,86.23333333,-1.226666667,19.25666667,0.817441667,2.103333333
793,33.97956,86.2,0.684666667,21.41,0.841136667,2.839791667
794,35.88066,91.63333333,-0.573,14.90666667,0.821821667,2.707291667
795,32.80068,91.66666667,0,13.17333333,0.852898333,2.8875
796,33.52644,92.25,-0.215833333,11.25666667,0.87994,4.245208333
797,34.854,96.3,-0.015833333,8.25,0.932606667,4.492083333
798,32.7657,88.25,0,7.306666667,0.953405,3.352083333
799,26.5536,77.62962963,0.043333333,7.681481481,0.944766667,2.987268519
800,27.86868,95.96666667,0.5095,10.59333333,0.92812,4.03875
801,31.9446,94.53333333,0,11.41666667,0.947706667,3.931875
802,32.66592,96.11666667,0,10.91,0.956468333,3.739791667
803,33.03858,95.1,0,11.12,0.96282,3.550625
804,32.2887,94.21666667,0,11.00333333,0.961238333,3.752708333
805,33.32544,96.48333333,0,10.56666667,0.963623333,3.54
806,31.7673,95.08333333,0,10.89666667,0.959555,3.465
807,33.38556,97.63333333,0,10.76,0.959471667,3.515416667
808,29.72014737,78.43859649,0,10.67017544,0.959435088,2.7375
809,28.2216,88.33333333,0,9.866666667,0.8479,1.854166667
810,27.12,87.56666667,0,9.393333333,0.834651667,2.421875
811,27.41406,56.93333333,-0.2125,7.876666667,0.790223333,1.407708333
812,23.43738462,20.76923077,0,5.938461538,0.736892308,0.398076923
813,25.5834,81.3,0,34.78,0.61985,2.0075
814,30.06042,77.45,0,34.75,0.694018333,2.044166667
815,34.74048,70.26666667,0,34.89666667,0.724578333,2.269583333
816,25.6923,61.77272727,0,34.6,0.682956818,2.382954545
817,37.01556,84.18333333,0,34.17333333,0.810513333,3.077916667
818,32.87112,75.78333333,0,33.95666667,0.834906667,2.236458333
819,36.90228,78.86666667,0,34.01,0.832718333,3.711041667
820,39.0393,83.21666667,0,33.96333333,0.875463333,3.580208333
821,37.7262,71.96666667,0,34.14333333,0.891863333,2.779583333
822,28.68762,61.33333333,-0.323166667,31.48666667,0.802608333,1.626666667
823,32.09922,71.61666667,0.032833333,29.98666667,0.751771667,2.093125
824,33.24876,86.41666667,0,29.93333333,0.772581667,2.792916667
825,32.09892,80.36666667,0.106666667,32.2,0.81814,2.459583333
826,23.48598,69.16666667,0.089833333,34.18333333,0.775133333,2.324583333
827,36.53676,87.25,0,34.8,0.830885,2.774375
828,34.18362,91.4,1.038,39.03,0.86379,3.435208333
829,33.69714,68.23333333,-0.397833333,40.64666667,0.859131667,2.542083333
830,33.24396,88.53333333,1.248666667,43.95666667,0.893633333,3.844791667
831,37.65492,85.25,-0.834333333,45.41333333,0.908028333,2.382708333
832,36.7791,81.46666667,0.120833333,42.02666667,0.864296667,2.539791667
833,39.20094,89.28333333,-0.708833333,37.82,0.82025,3.591875
834,41.24568,75.61666667,-1.0845,35.23333333,0.908633333,2.263333333
835,36.8223,92.3,1.266166667,34.91,0.935676667,5.458125
836,35.6007,73.45,-0.2335,41.86333333,0.980705,2.543125
837,33.99198,88.58333333,-0.093333333,36.13333333,0.92629,2.360833333
838,23.7222,73.4,0.495833333,37.89,0.848953333,2.076041667
839,29.87082,92.28333333,0.385833333,40.48,0.818665,2.759375
840,32.14452,96.38333333,0.872,45.59333333,0.908468333,3.901458333
841,35.59092,95.86666667,1.169666667,54.56,0.971406667,4.105
842,42.40392,94.5,-0.807666667,51.32666667,0.973686667,2.360833333
843,36.48,70.92982456,-0.894385965,43.92982456,0.920063158,2.06622807
844,28.20096,70.33333333,-0.01,40.97666667,0.857021667,2.96125
845,35.50356735,77.42857143,0.28755102,43.63673469,0.938938776,2.77755102
846,33.99170526,83.36842105,0,42.4,0.915275439,3.159868421
847,38.42628,82.05,-0.937833333,35.91333333,0.906798333,2.822291667
848,40.30764,96.63333333,0,33.76666667,0.934273333,3.581875
849,35.11332,79.51666667,0,34.50666667,0.943928333,2.595416667
850,34.75968,92.71666667,0.486833333,37.37666667,0.943133333,3.392708333
851,24.758625,55.22916667,-0.757291667,35.59583333,0.89168125,1.905208333
852,36.13032,87.43333333,-0.2055,36.45,0.915405,3.009375
853,32.93491304,66.86956522,-0.406956522,33.06956522,0.935834783,2.550815217
854,32.6682,85.16666667,0.291,34.63,0.932428333,3.978541667
855,36.40254,86.23333333,-0.441833333,35.25333333,0.951918333,3.57375
856,33.7599,76.3,-0.0075,32.91,0.9652075,3.245625
857,35.73714,91.01666667,0,33.28333333,0.934258333,3.328541667
858,35.54239245,67.52830189,0,31.72075472,0.933560377,2.361556604
859,40.53678545,90.83636364,0,32.37454545,0.911965455,4.412727273
860,45.27528,78.71666667,0,31.07666667,0.978688333,3.239166667
861,35.12874,68.48333333,-0.0775,29.38666667,0.974306667,2.955
862,31.89354894,66.25531915,-0.004255319,29.68510638,0.967014894,1.952925532
863,20.8630125,64.25,0,30.48125,0.81744375,2.9953125
864,29.9085,90.71666667,1.058666667,35.72666667,0.909438333,3.358333333
865,29.8124,42.97222222,-0.806388889,34.21111111,0.9155,0.750347222
866,25.84453585,74.32075472,0,31.60377358,0.836273585,2.799292453
867,22.2732,86.59375,1.8634375,36.46875,0.802809375,4.208984375
868,22.85378182,47.57575758,0.440606061,39.53939394,0.858272727,2.260606061
869,36.39036,88.41666667,-0.023666667,38.53333333,0.894943333,3.197708333
870,24.21928,70.8,1.082444444,38.41777778,0.903495556,2.845
871,26.98433514,59.43243243,-0.796216216,41.05405405,0.885481081,1.82972973
872,18.4146,57,-0.081666667,38.82222222,0.75865,4.177777778
873,35.37228,86.85,0.364833333,41.41666667,0.939193333,4.933125
874,25.59054,57.03333333,0,40.84,0.942781667,1.286458333
875,25.6448,68.74074074,0,41.23703704,0.896874074,2.156018519
876,20.69113846,59.23076923,-1.156923077,38.86153846,0.754307692,1.843269231
877,25.6068,55.0625,-0.516041667,22.22916667,0.714260417,2.072395833
878,18.63453103,54.51724138,0.499137931,23.83793103,0.782339655,1.344612069
879,26.85106957,64.08695652,0,24.33478261,0.775982609,2.464130435
880,30.25068,66.31666667,-0.5655,19.8,0.831223333,2.216041667
881,20.33292,50.31666667,-0.093,17.39666667,0.759161667,1.657708333
882,24.22017692,58.61538462,0,17.49615385,0.771828846,1.430048077
883,23.57875862,42.10344828,-0.761034483,15.7862069,0.7186,1.135775862
884,7.6092,6,-0.070833333,14.43333333,0.675416667,0.165625
885,28.39218,80.2,0,13.99333333,0.801115,3.118541667
886,27.5427,84.66666667,0,14.34,0.854575,2.946458333
887,18.18945,63.175,1.5855,19.475,0.857385,1.875
888,29.409408,77.86,-0.23,20.436,0.799976,2.4085
889,26.83806,60.85,-0.696833333,12.90666667,0.785753333,2.325
890,28.2963,80.41666667,-0.380666667,11.56333333,0.856241667,2.468333333
891,19.06862143,58.66071429,-0.107142857,10.75714286,0.810748214,2.236383929
892,31.1526,89.21666667,0,10.22,0.877746667,2.83625
893,29.66346,82.58333333,0,10.00666667,0.884053333,2.490625
894,22.22260364,52.07272727,-0.021272727,10.09090909,0.815054545,1.863636364
895,27.34518,76.81666667,0.126,11.79666667,0.860363333,2.96875
896,25.9776,72.1,-0.1465,12.27,0.853611667,1.876041667
897,28.59234,73.8,0.057833333,12.58333333,0.837291667,2.462291667
898,27.57168,70,0,12.13333333,0.873066667,3.131666667
899,26.58285818,57.12727273,0.043818182,13.69818182,0.903916364,2.295454545
900,15.626925,37.95833333,-0.027291667,13.44166667,0.876420833,2.0078125
901,30.41334545,83.51515152,0,12.86666667,0.838009091,4.88219697
902,31.80804,85,0.247166667,15.42,0.950336667,3.16125
903,29.64078,69.65,0,16.81333333,0.890903333,2.709583333
904,22.77846316,55.57894737,0.081578947,17.67719298,0.903610526,1.636184211
905,19.97470588,13.41176471,0,17.6,0.813505882,0.126470588
906,25.93388571,74,0,21.85714286,0.740057143,2.301190476
907,16.31916,14.65,0,21.64,0.724925,0.010625
908,22.6231875,77.5625,0.049375,20.65625,0.672946875,2.1078125
909,30.20166,88.16666667,-0.385166667,17.72,0.76776,2.282291667
910,28.18116,90.91666667,0,17.2,0.810065,2.885208333
911,12.76902,44.81666667,0.695333333,20.81333333,0.78733,1.184166667
912,15.3204,44.43333333,-0.692333333,21.14333333,0.696921667,1.0775
913,32.49162,89.96666667,0.768833333,21.44,0.847453333,4.410208333
914,32.26854,76.1,-0.978166667,19.64,0.90118,2.244791667
915,28.71430435,79.08695652,0,19.13478261,0.853969565,3.521195652
916,25.39816,57.4,0,19.16,0.880791111,2.108611111
917,32.92374,91.93333333,0,17.92,0.86028,3.53
918,29.02746,73.8,0.351666667,20.45666667,0.89801,2.912083333
919,24.50725714,61.67346939,0.860612245,26.44081633,0.907334694,1.887244898
920,26.3571,76.41666667,0,27.5625,0.830016667,3.558854167
921,31.4565,65.91666667,0,27.93,0.921645,2.026666667
922,14.12634,52.11666667,-0.0535,25.32333333,0.795413333,1.542083333
923,31.12422,92.25,0.375166667,27.61,0.87002,3.891666667
924,33.46578,94.31666667,0.789166667,33.91666667,0.94902,3.764375
925,31.6092,81.45,0.528666667,38.85333333,0.971316667,3.750416667
926,38.47968,93.85,-1.019333333,36.10333333,0.969375,3.421458333
927,35.08242,65.25,-0.836,26.68333333,0.951575,1.997916667
928,32.25402,87.03333333,-0.038333333,23.57333333,0.898191667,3.194791667
929,36.74028,91.08333333,-0.0275,21.27333333,0.949815,4.011875
930,31.362,87.93333333,0.904,27.45333333,0.981405,3.184791667
931,36.24828,88.43333333,-1.533166667,21.6,0.92795,2.19125
932,32.64366,92.55,1.1965,17.88666667,0.906356667,3.887708333
933,34.04646,90.81666667,-0.139166667,22.71333333,0.9349,2.406458333
934,34.66992,90.68333333,0.6115,24.65666667,0.92575,3.382291667
935,39.22824,92.36666667,0.317166667,26.53,0.940491667,3.333125
936,36.69324,79.45,0.351166667,32.09666667,0.944978333,2.90875
937,40.22868,92.03333333,0.188,25.23666667,0.945861667,3.925416667
938,38.8296,90.41666667,-0.7645,25.76666667,0.954183333,2.972291667
939,38.02968,91.75,-0.209833333,19.85333333,0.963071667,3.655625
940,37.6566,84.41666667,0,18.63,0.972621667,3.139791667
941,34.21014,86.5,-0.051166667,15.63666667,0.941903333,2.351875
942,28.01554286,57.19047619,0,14.52857143,0.878361905,1.71577381
943,14.724,49.45,0,14.09,0.795775,1.349375
944,14.2452,18.28571429,0,14.25714286,0.729771429,0.673214286
945,28.44738,74.53333333,0,14.51666667,0.837196667,2.724791667
946,27.94236,86.3,0.700333333,17.34,0.887123333,3.194375
947,33.37536,88.68333333,0,18.54666667,0.910393333,3.049583333
948,32.98278,91.26666667,0,18.14,0.914613333,3.201875
949,32.95014,89.63333333,0,18.04333333,0.927071667,3.301458333
950,35.66136,92.45,0,17.73,0.950081667,3.668541667
951,28.42125283,68.28301887,0,17.19622642,0.948762264,2.111556604
952,20.12906667,49.22222222,0,17.12222222,0.845562963,2.283796296
953,36.86388,95.75,0,17.55666667,0.910758333,3.60875
954,34.637544,82.82,0,17.368,0.951966,2.89325
955,25.6488,66,0,9.633333333,0.717966667,1.910416667
956,22.64016,66.28333333,0.4285,11.45,0.723266667,1.55875
957,26.66928,77.08333333,0,11.47,0.732473333,1.823541667
958,28.12392,81.35,0,10.42666667,0.734668333,1.993333333
959,22.22497241,48.01724138,0,10.59310345,0.720237931,0.875431034
960,12.91011429,51.57142857,0.005714286,10.54285714,0.660542857,1.348214286
961,29.32088571,84.92857143,0,9.904761905,0.765264286,2.65327381
962,31.22874,84.03333333,0,10.08,0.788301667,2.2225
963,29.901,86.73333333,0,10.09666667,0.777585,2.272083333
964,22.10485714,73.52380952,0,10.21904762,0.727388095,2.115178571
965,29.82912,86.65,0,10.71,0.77223,2.044791667
966,29.43138,80.11666667,0,11.33333333,0.75512,2.180833333
967,32.16186,87.43333333,0,11.99333333,0.780141667,2.356875
968,32.09388,83.05,0,11.82666667,0.799636667,2.332083333
969,32.20392,82.7,0,12.18,0.784706667,2.266875
970,34.05306,82.23333333,0,12.21666667,0.820516667,2.744375
971,32.99196,85.63333333,0,12.50666667,0.814635,2.300208333
972,32.47854,84.23333333,0,12.68,0.795233333,2.389166667
973,34.04106,87.58333333,0,12.86666667,0.78857,2.422916667
974,33.4914,84.55,0,12.64333333,0.794178333,2.316458333
975,35.77128,86.55,0,12.68,0.800586667,2.741666667
976,29.06196,65.68333333,0,9.693333333,0.794451667,1.792291667
977,30.3753,70.06666667,0,8.506666667,0.772755,1.946875
978,31.73394,84.18333333,0,8.263333333,0.792423333,2.546875
979,31.17972,89.78333333,0,10.40666667,0.823321667,2.797708333
980,34.02786,90,0.051666667,12.68333333,0.8378,2.581041667
981,35.81166,91.86666667,0,13.50666667,0.82839,2.618125
982,34.2291,94.65,0.970833333,19.31,0.858085,3.617708333
983,38.4963,79.65,-0.243833333,18.19333333,0.861325,2.351041667
984,34.227,89.41666667,0.965333333,24.42666667,0.881345,3.187708333
985,40.1886,81.38333333,-0.883,19.77,0.840965,2.22
986,38.64516,75.31666667,-0.649333333,17.30666667,0.81323,1.836666667
987,36.09666,81.25,0.195833333,15.56333333,0.819803333,2.426458333
988,39.06282,88.98333333,-0.8465,10.20333333,0.799626667,2.599583333
989,31.01766,91.56666667,1.506333333,16.52,0.875031667,3.444791667
990,20.62615135,62.37837838,0.887027027,21.79459459,0.883208108,1.905405405
991,29.74235294,75.88235294,-0.132352941,20.35294118,0.711894118,2.421323529
992,40.37868,73.03333333,-1.42,14.46666667,0.814986667,1.68875
993,38.16606,86.35,1.212333333,12.07,0.830853333,3.23375
994,38.62554,80.63333333,-0.2955,14.14333333,0.83438,2.200833333
995,37.17258,85.33333333,0.506666667,17.97666667,0.842111667,2.671458333
996,35.93682,87.88333333,1.124833333,19.99333333,0.833598333,3.227916667
997,43.58154,80.8,-0.861666667,20.43666667,0.864926667,1.692708333
998,42.20844,81.2,0.314,16.81333333,0.84413,2.599375
999,45.33636,82.93333333,-0.771,11.42666667,0.842891667,2.369583333
1000,44.09184,86.2,-0.104,9.256666667,0.848696667,3.090625
1001,43.59012,84.35,-0.304833333,5.916666667,0.829215,2.107708333
1002,32.20962,72.38333333,-0.001166667,4.353333333,0.777331667,1.401041667
1003,28.65282,77.83333333,0,4.87,0.818491667,2.947916667
1004,37.13994,91.88333333,0.156,8.33,0.875465,4.042916667
1005,42.63096,85.43333333,0,9.3,0.909778333,3.245625
1006,43.79604,86.9,0,9.24,0.893091667,3.00625
1007,44.62614,87.4,0,9.193333333,0.882303333,2.680416667
1008,36.10176,78.98333333,0,9.123333333,0.834731667,2.532083333
1009,41.85048,91.85,0,9.8,0.871595,3.602291667
1010,39.4317,77.66666667,0,10.01,0.876065,2.189375
1011,32.34012,84.2,0,10.2,0.80313,4.254166667
1012,41.349,81.36666667,0,10.26333333,0.881351667,2.805208333
1013,43.70772,89.3,0,10.33666667,0.880123333,2.666041667
1014,43.89186,82.31666667,0,9.713333333,0.865006667,2.39375
1015,31.91964,68.25,0,9.81,0.841581667,2.121875
1016,38.17073077,91.55769231,0,9.792307692,0.839380769,4.402644231
1017,43.63272,90.38333333,0,10.58666667,0.893881667,2.61625
1018,42.71334,86.56666667,0,10.56,0.866851667,2.519791667
1019,44.85528,84.68333333,0,9.826666667,0.843245,2.664583333
1020,41.67774,80.41666667,0,9.07,0.832718333,3.292708333
1021,32.1897,66.6,0,8.91,0.877395,2.99375
1022,43.5414,92.7,0,9.14,0.896886667,3.22375
1023,42.86058,85.23333333,0,9.393333333,0.878533333,2.767083333
1024,42.62358,88.38333333,0,10.04333333,0.858336667,2.50625
1025,41.37198,85.38333333,0,11.78666667,0.844488333,2.684375
1026,36.91332,77.36666667,0,12.09666667,0.81525,2.381666667
1027,42.8328,97.51666667,-0.179666667,13.15333333,0.886436667,3.15875
1028,45.58746,87.01666667,-0.227666667,10.48,0.876338333,2.058541667
1029,31.76376,88.23333333,3.0545,16.44,0.873968333,4.498958333
1030,19.29504,89.6,6.978833333,42.87,0.94569,5.128958333
1031,31.87536,97.08333333,1.211,55.67,0.964988333,3.385416667
1032,44.45238,96.28333333,-1.5825,49.23,0.925766667,2.955416667
1033,38.87304,100.0166667,0.684333333,39.96666667,0.905841667,3.967083333
1034,28.6956,94.71666667,2.381333333,51.76333333,0.928646667,4.098333333
1035,31.41288,93.83333333,1.045,63.17333333,0.947798333,3.313125
1036,26.51016,95.23333333,3.404166667,68.44666667,0.94085,4.428333333
1037,22.16592,89.23333333,2.94,84.45666667,0.94535,3.284166667
1038,24.24264,90.83333333,2.614666667,94.23666667,0.923216667,3.717916667
1039,27.68392653,77.10204082,0.244285714,102.8816327,0.928083673,2.232908163
1040,32.65398,83.85,-0.5335,97.22,0.84965,2.449583333
1041,40.53216,64.8,-2.112666667,86.59,0.80147,1.77
1042,27.55549091,69.48484848,-0.467272727,74.89090909,0.738890909,2.443560606
1043,36.35976,86.6,0.070833333,72.83,0.834293333,3.3775
1044,34.6902,89.08333333,0.920833333,80.79,0.894955,2.697291667
1045,46.34843478,78.76086957,-2.20173913,71.10434783,0.850197826,1.820652174
1046,36.68868679,94.24528302,0.938679245,41.90943396,0.820762264,4.300707547
1047,34.70592,86.13333333,0.826,51.25,0.901968333,2.485
1048,55.15872,86.81666667,-4.0245,33.79,0.85194,3.478333333
1049,42.32628,86.36666667,-0.066,7.713333333,0.868168333,2.405208333
1050,26.71902,67.66666667,0.465166667,8.123333333,0.806818333,1.327083333
1051,29.85012,77.51666667,0.0235,9.16,0.760128333,1.867708333
1052,19.10194839,48.74193548,0,8.270967742,0.718445161,0.343548387
1053,19.21425,67.04166667,0,8.5,0.6499625,2.118229167
1054,35.8899,86.65,0,8.613333333,0.75476,2.313541667
1055,41.66586,86.5,0,7.733333333,0.786891667,2.223125
1056,43.94238,78.1,0,7.353333333,0.811201667,2.505833333
1057,43.27596,83.55,0,7.043333333,0.80436,2.352708333
1058,27.19787586,61.94827586,0,7.089655172,0.760541379,1.123922414
1059,36.30624,77.23333333,0,7.236666667,0.801206667,2.82625
1060,46.40976,95.81666667,0,7.893333333,0.852636667,3.986041667
1061,47.90934,92.46666667,0,8.926666667,0.878351667,3.223541667
1062,45.15516,89.23333333,0,9.48,0.848945,2.629375
1063,46.14162,85.46666667,0,9.313333333,0.82789,2.613541667
1064,46.58208,89.06666667,0,10.00666667,0.837805,3.388958333
1065,43.80306,84.25,0,10.28,0.879943333,3.678125
1066,30.20718,82.05,0,9.6,0.847978333,2.801041667
1067,35.4306,91,0,7.7,0.8584,3.122916667